date,plant_nox_weighted
2020-01-01,0.6612759838005754
2020-01-02,0.7729822464094219
2020-01-03,0.6251289964841534
2020-01-04,0.44558088885258823
2020-01-05,0.5009066738821882
2020-01-06,0.8041285889621748
2020-01-07,0.84273433967677
2020-01-08,0.9067495064111066
2020-01-09,1.0888399693249482
2020-01-10,0.7449649605771804
2020-01-11,0.4351458264309541
2020-01-12,0.48065129431623427
2020-01-13,0.8802642651341486
2020-01-14,0.8394073464327853
2020-01-15,0.904207530352056
2020-01-16,0.9314553801340716
2020-01-17,1.1693293256111617
2020-01-18,0.8597979439804381
2020-01-19,0.6771043794336659
2020-01-20,1.0413278432148725
2020-01-21,1.0575710265117086
2020-01-22,0.9721676228766533
2020-01-23,0.8681511311740455
2020-01-24,0.6987580451299785
2020-01-25,0.5870645321514666
2020-01-26,0.5601956160057505
2020-01-27,0.8081502870713703
2020-01-28,0.6698912091720663
2020-01-29,0.755850977579699
2020-01-30,0.8686014295393958
2020-01-31,0.7966982111433919
2020-02-01,0.6083722561104996
2020-02-02,0.6030480483760995
2020-02-03,0.637251294223516
2020-02-04,0.5830902212519516
2020-02-05,0.6833624028721749
2020-02-06,0.7140831121950161
2020-02-07,0.6515506714277068
2020-02-08,0.5233566297614176
2020-02-09,0.5330568205038723
2020-02-10,0.6657349978140387
2020-02-11,0.6110858706780289
2020-02-12,0.6964774704480557
2020-02-13,0.6142205124207945
2020-02-14,0.8083247994929694
2020-02-15,0.8770617807047402
2020-02-16,0.6689384590128132
2020-02-17,0.6466737506299887
2020-02-18,0.7094835946833329
2020-02-19,0.7529390969542331
2020-02-20,0.9588070614791144
2020-02-21,0.8397888259007303
2020-02-22,0.6469409929437651
2020-02-23,0.49897581255689816
2020-02-24,0.594313871255149
2020-02-25,0.5396850289577902
2020-02-26,0.4954813599679237
2020-02-27,0.7265466181294943
2020-02-28,0.8356627576209614
2020-02-29,0.7549692419245514
2020-03-01,0.5997740523190375
2020-03-02,0.6267751226380766
2020-03-03,0.5205102951359183
2020-03-04,0.6816684290103585
2020-03-05,0.6751262892425282
2020-03-06,0.7294482201334977
2020-03-07,0.5860916332296731
2020-03-08,0.4988334593300553
2020-03-09,0.48429646122419284
2020-03-10,0.42639042896446233
2020-03-11,0.4871457379727984
2020-03-12,0.64249197049062
2020-03-13,0.48462501003816966
2020-03-14,0.40496622668681675
2020-03-15,0.28669919942445293
2020-03-16,0.4879342304905718
2020-03-17,0.4255075133232326
2020-03-18,0.46154819697309535
2020-03-19,0.5104281806982849
2020-03-20,0.3552491078438832
2020-03-21,0.3967307619187312
2020-03-22,0.4782251326515706
2020-03-23,0.6543514070904342
2020-03-24,0.4804558183980319
2020-03-25,0.6208582106677382
2020-03-26,0.49550017034138105
2020-03-27,0.6289882605694443
2020-03-28,0.454477483401392
2020-03-29,0.5385853074336552
2020-03-30,0.6261402575624225
2020-03-31,0.6308356560931477
2020-04-01,0.6035243445820826
2020-04-02,0.5742025693107321
2020-04-03,0.47228406556003527
2020-04-04,0.37765310567495314
2020-04-05,0.34788640912809854
2020-04-06,0.37365232703673434
2020-04-07,0.3691634447360129
2020-04-08,0.37671403095289735
2020-04-09,0.43502943456133
2020-04-10,0.5448055610457869
2020-04-11,0.5514455222269825
2020-04-12,0.3988417345633446
2020-04-13,0.48576175238162234
2020-04-14,0.4377319813776265
2020-04-15,0.46493895794138657
2020-04-16,0.43347876558921317
2020-04-17,0.4957698725629128
2020-04-18,0.514978367563605
2020-04-19,0.39494820788302354
2020-04-20,0.4101025885689453
2020-04-21,0.49441219817440796
2020-04-22,0.4654350116324497
2020-04-23,0.45475699915091433
2020-04-24,0.4862020129922647
2020-04-25,0.4246089895034477
2020-04-26,0.41590273343576156
2020-04-27,0.5322768927027386
2020-04-28,0.410063301756571
2020-04-29,0.42567065501562595
2020-04-30,0.4284997914159594
2020-05-01,0.5283784845856987
2020-05-02,0.4501680545360812
2020-05-03,0.4928855698121385
2020-05-04,0.47029740969564143
2020-05-05,0.5218717154678529
2020-05-06,1.0804009343675367
2020-05-07,0.610693909927629
2020-05-08,0.5471356654678124
2020-05-09,0.4894819428723989
2020-05-10,0.45043580734827826
2020-05-11,0.5381902284832193
2020-05-12,0.45652639654186694
2020-05-13,0.44326746634687203
2020-05-14,0.4316223580424754
2020-05-15,0.6159148507592258
2020-05-16,0.29512067940033965
2020-05-17,0.26992064690459405
2020-05-18,0.42364877735563244
2020-05-19,0.39808461688870916
2020-05-20,0.40473385903500037
2020-05-21,0.4025561746696264
2020-05-22,0.4153941857018521
2020-05-23,0.3948649690383174
2020-05-24,0.4070546404938339
2020-05-25,0.47890271101241616
2020-05-26,0.7432666844700349
2020-05-27,0.6364500904268995
2020-05-28,0.4712492843456748
2020-05-29,0.5248315395192176
2020-05-30,0.5224853824088012
2020-05-31,0.48945346327679345
2020-06-01,0.5183594550643994
2020-06-02,0.4941563466142487
2020-06-03,0.5821437975814043
2020-06-04,0.8047806765695645
2020-06-05,0.7850888823891277
2020-06-06,1.0005759311582507
2020-06-07,0.5677171827746961
2020-06-08,0.7209026438224417
2020-06-09,0.8878136313667164
2020-06-10,0.9940043332548169
2020-06-11,0.6456679908616848
2020-06-12,0.6433971485465068
2020-06-13,0.4551888733991394
2020-06-14,0.42030492100870576
2020-06-15,0.5708650162736819
2020-06-16,0.6137412203667426
2020-06-17,0.6544228423386578
2020-06-18,0.7334278475909196
2020-06-19,0.7963816006928719
2020-06-20,0.8248964084495672
2020-06-21,1.021761420269229
2020-06-22,1.2649608668623666
2020-06-23,1.1761349363008669
2020-06-24,1.0333128093580999
2020-06-25,0.9439549966508798
2020-06-26,0.9605919684110265
2020-06-27,0.8435224624155016
2020-06-28,1.1800082145681239
2020-06-29,1.3003647195486117
2020-06-30,1.1284328754628155
2020-07-01,0.9553614820843848
2020-07-02,1.287605281033286
2020-07-03,1.2905403106686038
2020-07-04,0.9838931063632059
2020-07-05,1.0307839517466035
2020-07-06,1.464841490031652
2020-07-07,1.2200173884866452
2020-07-08,1.5389489375633916
2020-07-09,1.7560356341227952
2020-07-10,1.0938943156772407
2020-07-11,1.06374257894822
2020-07-12,1.201606053721793
2020-07-13,1.309357887107923
2020-07-14,1.1280010939588974
2020-07-15,1.1153326860960078
2020-07-16,0.828301742607627
2020-07-17,0.7893373316190238
2020-07-18,0.9045453703390359
2020-07-19,1.2524862499454796
2020-07-20,2.6969673436618207
2020-07-21,2.227646633621363
2020-07-22,2.5276319975843475
2020-07-23,2.1914966435341356
2020-07-24,1.2312149474577636
2020-07-25,1.404011861780289
2020-07-26,1.7838741985947921
2020-07-27,2.875497403806398
2020-07-28,2.9744788232226176
2020-07-29,2.2556955920403645
2020-07-30,2.2692335445424865
2020-07-31,0.8889226927665885
2020-08-01,1.128982452460082
2020-08-02,1.3530070193304098
2020-08-03,1.6410736228197014
2020-08-04,1.2835740378476925
2020-08-05,1.2238869362546019
2020-08-06,0.8099721963856079
2020-08-07,0.890837230390572
2020-08-08,0.8424410807413714
2020-08-09,1.188743682835346
2020-08-10,2.392223545899716
2020-08-11,1.6614819901491749
2020-08-12,1.869120456635159
2020-08-13,1.224589766530103
2020-08-14,1.0857686284092924
2020-08-15,0.7932590444958445
2020-08-16,0.6886473521662125
2020-08-17,0.8531025626496871
2020-08-18,0.8991373259166512
2020-08-19,0.7683218411567925
2020-08-20,0.8884273746911023
2020-08-21,0.7682782399511382
2020-08-22,0.879742101211744
2020-08-23,0.9549787637770015
2020-08-24,1.8770450816257809
2020-08-25,1.999034983718206
2020-08-26,1.1242859618303573
2020-08-27,1.9012182322051836
2020-08-28,1.1366511318663364
2020-08-29,0.8660998676939919
2020-08-30,0.6287468143446929
2020-08-31,0.5402053571976809
2020-09-01,0.7417154356195725
2020-09-02,0.9119733692868351
2020-09-03,1.2661883586590017
2020-09-04,1.273028930072427
2020-09-05,0.7180578968667098
2020-09-06,0.7153562701934868
2020-09-07,0.7300450715993253
2020-09-08,1.3867730150928967
2020-09-09,1.1719267464378502
2020-09-10,1.6558448511651664
2020-09-11,1.1327128344200623
2020-09-12,0.6341135777801435
2020-09-13,0.6487201045889854
2020-09-14,0.7704713868809987
2020-09-15,0.6011396417721077
2020-09-16,0.6096166312739915
2020-09-17,0.6232019260190503
2020-09-18,0.6615491362537055
2020-09-19,0.48857277245650416
2020-09-20,0.4553609460772647
2020-09-21,0.49740708913086246
2020-09-22,0.6957270719176807
2020-09-23,0.793876914937399
2020-09-24,0.8301672752585167
2020-09-25,0.7105598237526192
2020-09-26,0.5406430031265064
2020-09-27,0.7034147410065211
2020-09-28,1.1051761722085571
2020-09-29,1.0740193844302546
2020-09-30,0.6195278204634137
2020-10-01,0.6614357707224079
2020-10-02,0.5622872151664388
2020-10-03,0.5178157362919293
2020-10-04,0.5446332907469273
2020-10-05,0.5146869166435994
2020-10-06,0.4637519264611996
2020-10-07,0.48499804738405783
2020-10-08,0.5010497583578581
2020-10-09,0.5063564228672094
2020-10-10,0.4580020646066335
2020-10-11,0.4323667152220963
2020-10-12,0.6606551276674709
2020-10-13,0.8710153432992797
2020-10-14,0.5561793191366151
2020-10-15,0.5749850563913842
2020-10-16,0.7439889406463078
2020-10-17,0.5878309082809823
2020-10-18,0.5694971505949472
2020-10-19,0.6156353371134861
2020-10-20,0.6344488659129441
2020-10-21,0.609449925039047
2020-10-22,0.6975556280315196
2020-10-23,0.6265288882691624
2020-10-24,0.5626344006588757
2020-10-25,0.7073574842364277
2020-10-26,0.7782399994991644
2020-10-27,0.9093897040694202
2020-10-28,0.979438046553696
2020-10-29,0.8332096974770434
2020-10-30,0.9615666185604596
2020-10-31,0.696356758553656
2020-11-01,0.509883044448684
2020-11-02,0.8347513881938593
2020-11-03,0.8880898551354098
2020-11-04,0.7775848668034834
2020-11-05,0.7424459255893696
2020-11-06,0.6850880155628012
2020-11-07,0.7339859955444228
2020-11-08,0.6666774128786201
2020-11-09,0.8476976494823616
2020-11-10,0.8986882244596778
2020-11-11,1.01093671911288
2020-11-12,0.849112585024521
2020-11-13,0.8278111414614617
2020-11-14,0.6819703181137848
2020-11-15,0.7018046895497314
2020-11-16,0.688062800936196
2020-11-17,0.7853038840831424
2020-11-18,1.0590975267149492
2020-11-19,1.0887858919531244
2020-11-20,0.782815255150807
2020-11-21,0.6063180339058183
2020-11-22,0.8306744514254865
2020-11-23,0.6868278015737577
2020-11-24,0.5953472071645912
2020-11-25,0.6107813312550765
2020-11-26,0.5211947902300924
2020-11-27,0.5619584889192702
2020-11-28,0.541666313944906
2020-11-29,0.5767911280830871
2020-11-30,0.7036044942257901
2020-12-01,0.7702562682611318
2020-12-02,0.8292699109514854
2020-12-03,0.9036791368218203
2020-12-04,0.5886796240595737
2020-12-05,0.694316916867685
2020-12-06,0.7780890637283577
2020-12-07,1.1231541605276365
2020-12-08,1.1469914074547094
2020-12-09,1.063502636987769
2020-12-10,0.9687682256523972
2020-12-11,0.8120362356952685
2020-12-12,0.6705961690210289
2020-12-13,0.5371958783772907
2020-12-14,0.7430538459129641
2020-12-15,0.9785895676617626
2020-12-16,1.8832969483746858
2020-12-17,1.5408922203444055
2020-12-18,1.6097837307818148
2020-12-19,1.4628986553531562
2020-12-20,1.2107519917227856
2020-12-21,1.1984378966750093
2020-12-22,0.9688856694199592
2020-12-23,0.886827832400827
2020-12-24,0.6489115114487974
2020-12-25,0.6682790594072944
2020-12-26,0.9357763751154727
2020-12-27,0.9502195148842421
2020-12-28,0.878822375069697
2020-12-29,1.0140289753821132
2020-12-30,1.0911427078758864
2020-12-31,0.8705881492567493
2021-01-01,0.7982849649495231
2021-01-02,0.6747140986779975
2021-01-03,0.7334242113974446
2021-01-04,1.0366792249925432
2021-01-05,0.8221993984098248
2021-01-06,0.9938447153836458
2021-01-07,0.8838430320644274
2021-01-08,0.9818153289197921
2021-01-09,0.7682658185499267
2021-01-10,0.7364407286567283
2021-01-11,0.9862899877759064
2021-01-12,0.8385638148304295
2021-01-13,0.7946516468722112
2021-01-14,0.8613679446713249
2021-01-15,0.8829003679624214
2021-01-16,0.6861797915647209
2021-01-17,0.7106159410216296
2021-01-18,0.8088350903707222
2021-01-19,0.9371457446749432
2021-01-20,1.0111187037175102
2021-01-21,0.9856479234009218
2021-01-22,0.9214904516339604
2021-01-23,0.9776837355261226
2021-01-24,1.1117628248208509
2021-01-25,1.4116359269138852
2021-01-26,1.1859074679019397
2021-01-27,1.0612873339213882
2021-01-28,1.3913921501913273
2021-01-29,2.095942991683222
2021-01-30,1.6277171047766608
2021-01-31,1.6394722059067928
2021-02-01,1.6458027223219207
2021-02-02,1.4553923608025443
2021-02-03,1.3777635647414945
2021-02-04,1.1965364893676909
2021-02-05,1.0746950507103354
2021-02-06,0.8988010226467543
2021-02-07,1.1630912977303114
2021-02-08,1.3623180294542443
2021-02-09,1.4452816654716083
2021-02-10,1.7870804150502422
2021-02-11,1.5922858461063594
2021-02-12,1.7175656175198757
2021-02-13,1.2364593675398277
2021-02-14,1.06914275740889
2021-02-15,1.0676933611764479
2021-02-16,0.9787920514585022
2021-02-17,1.5248211275908536
2021-02-18,1.2810516090275401
2021-02-19,1.1414666100346302
2021-02-20,1.0551613217881062
2021-02-21,1.0343748763371423
2021-02-22,1.1774223639510641
2021-02-23,0.9412545529532786
2021-02-24,0.894337895797791
2021-02-25,0.8355655195578727
2021-02-26,1.2531777100803982
2021-02-27,0.7445185188235872
2021-02-28,0.6516092469416586
2021-03-01,0.8217386220919842
2021-03-02,1.253367894066582
2021-03-03,1.0616589182081944
2021-03-04,1.1934286098383549
2021-03-05,1.4356995827815087
2021-03-06,1.0721963725054404
2021-03-07,0.8632026612442378
2021-03-08,0.9295724930906449
2021-03-09,0.843202664737688
2021-03-10,0.6791630862394435
2021-03-11,0.5932358544077465
2021-03-12,0.5694987515246958
2021-03-13,0.4628125904821311
2021-03-14,0.5720442171715348
2021-03-15,1.1396288583362497
2021-03-16,1.033618792212015
2021-03-17,0.8349038613625895
2021-03-18,0.7495585525383623
2021-03-19,0.6920864044169459
2021-03-20,0.5050123704241393
2021-03-21,0.44182679651151213
2021-03-22,0.5477880900301771
2021-03-23,0.5154079621063772
2021-03-24,0.49296521051066294
2021-03-25,0.41078849100518766
2021-03-26,0.5768759273509902
2021-03-27,0.4375404032347248
2021-03-28,0.4764790670584721
2021-03-29,0.65345085890729
2021-03-30,0.79326973396982
2021-03-31,0.4985218024847773
2021-04-01,0.711511324835272
2021-04-02,0.9082044512677037
2021-04-03,0.7426657833249626
2021-04-04,0.5627022574044199
2021-04-05,0.8638431339937154
2021-04-06,0.5727972654783248
2021-04-07,0.5446573072330053
2021-04-08,0.6125540213138086
2021-04-09,0.5580539743679241
2021-04-10,0.5004797240912077
2021-04-11,0.5313726054554437
2021-04-12,0.8102039557842636
2021-04-13,0.6904456083979836
2021-04-14,0.6017599814807332
2021-04-15,0.5723358668749294
2021-04-16,0.5963967569343325
2021-04-17,0.6603244022298141
2021-04-18,0.48670322222020757
2021-04-19,0.5527169476204193
2021-04-20,0.5555439403207192
2021-04-21,0.6033981855405101
2021-04-22,0.7129946085315457
2021-04-23,0.5877265121341954
2021-04-24,0.44597545980681824
2021-04-25,0.4565368149431517
2021-04-26,0.5273296299856338
2021-04-27,0.5060472457403117
2021-04-28,0.6109840558846449
2021-04-29,0.6928366368483347
2021-04-30,0.4390597000994681
2021-05-01,0.4670342416348169
2021-05-02,0.44536932136791785
2021-05-03,0.6747101428519657
2021-05-04,0.6216488416003453
2021-05-05,0.599075044983191
2021-05-06,0.5498557413681069
2021-05-07,0.526423023157459
2021-05-08,0.40417986335058403
2021-05-09,0.35400928258265185
2021-05-10,0.39802702312495336
2021-05-11,0.3981028900585068
2021-05-12,0.32975797354309877
2021-05-13,0.36985212673682094
2021-05-14,0.38909777774277465
2021-05-15,0.2987933908759873
2021-05-16,0.28099256744732665
2021-05-17,0.5330440788690956
2021-05-18,0.6415420209343573
2021-05-19,0.5546432275816945
2021-05-20,0.5110911648271846
2021-05-21,0.6849044524683695
2021-05-22,0.7937849943405361
2021-05-23,0.8228651380988948
2021-05-24,0.561228179963677
2021-05-25,0.696768612682325
2021-05-26,1.6381464712014107
2021-05-27,0.918444131314193
2021-05-28,0.5360895008810677
2021-05-29,0.44404731267087016
2021-05-30,0.46269327783063496
2021-05-31,0.5441680819792161
2021-06-01,0.6938117676676138
2021-06-02,0.5593587006541592
2021-06-03,0.488578925242719
2021-06-04,0.8972249334456394
2021-06-05,0.8496753147263326
2021-06-06,1.0840300953910902
2021-06-07,1.7899669089595174
2021-06-08,2.2860817855807003
2021-06-09,1.8418418695606835
2021-06-10,0.9604337047430619
2021-06-11,0.8689677255751814
2021-06-12,0.5807228303445899
2021-06-13,0.6818844173863883
2021-06-14,0.7294036060671182
2021-06-15,0.8528307619098936
2021-06-16,0.7336667620370128
2021-06-17,0.8294058950427379
2021-06-18,0.8450134560297483
2021-06-19,0.8998333549755475
2021-06-20,1.021028275763885
2021-06-21,1.2979857627603695
2021-06-22,0.905654245096948
2021-06-23,0.8424291556011752
2021-06-24,0.8405788795191498
2021-06-25,0.895453197407001
2021-06-26,0.8817001211463641
2021-06-27,1.1712465776954486
2021-06-28,3.345932130482742
2021-06-29,3.4070282429124106
2021-06-30,3.662170002907046
2021-07-01,1.290033790857939
2021-07-02,0.8518970443604227
2021-07-03,0.6533344713844008
2021-07-04,0.7542018033586144
2021-07-05,0.9360323946857503
2021-07-06,2.5098657362414216
2021-07-07,2.9530352480584283
2021-07-08,1.7757354093402433
2021-07-09,1.2326398592663579
2021-07-10,0.8868550645234905
2021-07-11,0.8512799542484604
2021-07-12,1.5319568929239793
2021-07-13,0.917369605684718
2021-07-14,1.4832189389999322
2021-07-15,1.4370979438098552
2021-07-16,1.677519834969012
2021-07-17,1.926297262009733
2021-07-18,1.0257331478398557
2021-07-19,1.0918310931388464
2021-07-20,1.3998795448376113
2021-07-21,1.2692705807193654
2021-07-22,0.9399310337498855
2021-07-23,0.8809667658707497
2021-07-24,0.8274727574439069
2021-07-25,0.7965829898180344
2021-07-26,1.3509373946714993
2021-07-27,1.841518316621558
2021-07-28,0.9814839455793235
2021-07-29,0.7526830412977229
2021-07-30,0.8771747145732421
2021-07-31,0.619285879690481
2021-08-01,0.6014115218454873
2021-08-02,0.6925664514936921
2021-08-03,0.680742216624258
2021-08-04,0.6401441743759143
2021-08-05,0.7888976944144505
2021-08-06,1.2795592206067927
2021-08-07,0.9485346794990789
2021-08-08,0.7566777543295976
2021-08-09,1.0604720089923572
2021-08-10,1.376577104752664
2021-08-11,2.5770520073090326
2021-08-12,2.960204020551532
2021-08-13,3.2406404832552753
2021-08-14,1.7429735328067881
2021-08-15,1.1754455707359794
2021-08-16,1.2039445694297606
2021-08-17,1.4567567278458717
2021-08-18,1.518911175408521
2021-08-19,1.7737919789369692
2021-08-20,1.7403272906080776
2021-08-21,1.2570709184272926
2021-08-22,1.0311507195364251
2021-08-23,1.2917934479709539
2021-08-24,1.9190460554794202
2021-08-25,2.1528454049118517
2021-08-26,2.8096036323669287
2021-08-27,2.6386045527977267
2021-08-28,0.8879676356379945
2021-08-29,0.8089462266688645
2021-08-30,1.4688790952741844
2021-08-31,1.4102124524022988
2021-09-01,0.822285210574729
2021-09-02,0.8943402323245015
2021-09-03,0.7890206509392139
2021-09-04,0.6208382893733664
2021-09-05,0.5946923835810567
2021-09-06,0.9450033163973002
2021-09-07,1.2126513002693344
2021-09-08,1.3989766509178878
2021-09-09,0.7878899783721564
2021-09-10,0.7479243935607733
2021-09-11,0.7332398729065508
2021-09-12,0.9597919100087542
2021-09-13,1.4835399393093622
2021-09-14,1.4677684217377958
2021-09-15,1.5567769250398533
2021-09-16,1.0065817142138387
2021-09-17,1.036102782892353
2021-09-18,1.0223840225793785
2021-09-19,0.8210874975858449
2021-09-20,0.8237854669629813
2021-09-21,0.8301773736782011
2021-09-22,1.1623828686595854
2021-09-23,1.394293691344265
2021-09-24,0.7749270036285782
2021-09-25,0.6614612661783469
2021-09-26,0.7218710849147324
2021-09-27,0.9281706860411693
2021-09-28,0.9700750534220666
2021-09-29,0.6322953802538525
2021-09-30,0.6420636306328125
2021-10-01,0.5463132250352503
2021-10-02,0.5293605384484132
2021-10-03,0.7459184076815929
2021-10-04,1.1862246542394932
2021-10-05,0.8082486823880061
2021-10-06,0.7971647104045263
2021-10-07,0.8575208905334155
2021-10-08,0.8800235657317876
2021-10-09,0.6440947953354708
2021-10-10,0.5783128911017973
2021-10-11,0.7410720782564204
2021-10-12,0.6952025957504596
2021-10-13,0.6326334122362225
2021-10-14,0.8327450990600296
2021-10-15,0.8432832465240901
2021-10-16,0.7122271905480251
2021-10-17,0.7998598864617947
2021-10-18,0.9165765748122424
2021-10-19,0.7651720664417533
2021-10-20,0.545372086839574
2021-10-21,0.543567303591339
2021-10-22,0.4722419254573793
2021-10-23,0.46705666153851677
2021-10-24,0.41624005390782337
2021-10-25,0.6080630047814992
2021-10-26,0.5248849012806478
2021-10-27,0.5392775799920161
2021-10-28,0.6449572996801377
2021-10-29,0.4773026069695286
2021-10-30,0.6074462925960236
2021-10-31,0.42807972444791176
2021-11-01,0.6382932299762396
2021-11-02,0.7643408624383219
2021-11-03,0.7026558132056059
2021-11-04,0.8507633072260379
2021-11-05,0.6993922603899216
2021-11-06,0.5862478366050626
2021-11-07,0.6348805409343983
2021-11-08,0.7979250378389559
2021-11-09,0.6124305227126943
2021-11-10,0.5910300156006097
2021-11-11,0.41978625491641064
2021-11-12,0.5313216690652101
2021-11-13,0.40846052456026044
2021-11-14,0.46260324632378097
2021-11-15,0.5994609851391223
2021-11-16,0.7218799741371398
2021-11-17,0.6329976529696418
2021-11-18,0.5586601523897317
2021-11-19,0.5583347169124985
2021-11-20,0.4903496222780772
2021-11-21,0.4609304875101807
2021-11-22,0.8193928536618168
2021-11-23,0.6017927465099997
2021-11-24,0.5758392819748146
2021-11-25,0.41206376747816775
2021-11-26,0.60318432984425
2021-11-27,0.5784684180551498
2021-11-28,0.6659827258649491
2021-11-29,1.1778972897310798
2021-11-30,1.1267731586745708
2021-12-01,0.8123742728558181
2021-12-02,0.7899068424270449
2021-12-03,1.1610873227522311
2021-12-04,0.6462593049966526
2021-12-05,0.6012280522665311
2021-12-06,0.5663668829506864
2021-12-07,0.8473767392899131
2021-12-08,0.9498761741869383
2021-12-09,0.9378631656828947
2021-12-10,0.7417757655100684
2021-12-11,0.5172831243157674
2021-12-12,0.5503818959529824
2021-12-13,0.5534373980411821
2021-12-14,0.5605313065999036
2021-12-15,0.6393150954893927
2021-12-16,0.579989888475583
2021-12-17,0.7257435564171308
2021-12-18,0.660768070852991
2021-12-19,0.9532602719112272
2021-12-20,1.4377609480933993
2021-12-21,1.2541020569246293
2021-12-22,0.9185921774840035
2021-12-23,0.9725884580932965
2021-12-24,0.8438493013208131
2021-12-25,0.7119043225973687
2021-12-26,0.7349027318827022
2021-12-27,0.9145108332264469
2021-12-28,0.7682177532193105
2021-12-29,0.775296566757602
2021-12-30,0.6591279570106522
2021-12-31,0.5719462846243862
2022-01-01,0.5735697701132314
2022-01-02,0.6001440729004366
2022-01-03,1.1364996620180365
2022-01-04,1.1371297739415118
2022-01-05,0.8475977472290334
2022-01-06,0.8039142290226086
2022-01-07,1.062259654038028
2022-01-08,1.2247849307317258
2022-01-09,0.9975328124019206
2022-01-10,1.221383659932229
2022-01-11,2.404486893141302
2022-01-12,2.066011620002126
2022-01-13,1.300619963026051
2022-01-14,1.39413539897461
2022-01-15,1.8690228062100318
2022-01-16,2.95658623476432
2022-01-17,1.1536836762305829
2022-01-18,1.3213129994348762
2022-01-19,1.4745678571252343
2022-01-20,1.3826524446861894
2022-01-21,2.0274481477764676
2022-01-22,1.625793289450384
2022-01-23,1.034644290364991
2022-01-24,1.2649881805270067
2022-01-25,1.3578877600272095
2022-01-26,1.8354283705924976
2022-01-27,1.3856578307236513
2022-01-28,1.8802534581023564
2022-01-29,2.0935417749034553
2022-01-30,1.959117618691678
2022-01-31,1.5939925367042562
2022-02-01,1.4302486135684689
2022-02-02,1.2054549929722915
2022-02-03,1.0179054637585765
2022-02-04,1.481724394676506
2022-02-05,1.1172643744870272
2022-02-06,1.0578775669517864
2022-02-07,1.235150125313103
2022-02-08,1.1307150402594575
2022-02-09,1.05378798282916
2022-02-10,0.7697331973863724
2022-02-11,0.7760780499516162
2022-02-12,0.6207498352921401
2022-02-13,1.1599567106579436
2022-02-14,1.690985397070643
2022-02-15,2.662433643438811
2022-02-16,1.627545876411186
2022-02-17,0.6406091532732607
2022-02-18,0.8150179344561288
2022-02-19,1.0504227439769827
2022-02-20,0.9566106911381024
2022-02-21,0.88867395474827
2022-02-22,0.741026946134482
2022-02-23,0.5965262430026886
2022-02-24,0.8963570987922354
2022-02-25,1.5540146031393909
2022-02-26,1.1159747071037651
2022-02-27,0.9459055782366221
2022-02-28,1.0543890966151863
2022-03-01,1.03043232882235
2022-03-02,0.7645651820166416
2022-03-03,0.990112515697512
2022-03-04,1.1294751203999533
2022-03-05,0.6104805234038368
2022-03-06,0.5842890477493786
2022-03-07,0.6103721568578319
2022-03-08,0.8333433295579276
2022-03-09,0.7326493308901664
2022-03-10,0.7886407278128506
2022-03-11,0.7231275080372319
2022-03-12,0.8912656452882922
2022-03-13,0.9789877320087306
2022-03-14,0.8372944680983059
2022-03-15,0.6626201474192304
2022-03-16,0.614507161018728
2022-03-17,0.5487152702585076
2022-03-18,0.42486394332964345
2022-03-19,0.3613253817557184
2022-03-20,0.3761201324600483
2022-03-21,0.6163778943051315
2022-03-22,0.8796924811962319
2022-03-23,0.6049727057739233
2022-03-24,0.7040423561794861
2022-03-25,0.7335051109844166
2022-03-26,0.48102819133834407
2022-03-27,0.6639083015726339
2022-03-28,1.4671319008702581
2022-03-29,1.7786722013382008
2022-03-30,0.9950038304833202
2022-03-31,0.8006229375239008
2022-04-01,0.6462974183134977
2022-04-02,0.5857954724947806
2022-04-03,0.5978331018890051
2022-04-04,0.8625670090896087
2022-04-05,0.8768810925359763
2022-04-06,1.1209968300337423
2022-04-07,0.8312065750016713
2022-04-08,0.727354187267127
2022-04-09,0.9226226622434888
2022-04-10,0.8070876567252465
2022-04-11,0.8626269904356536
2022-04-12,0.8259615132828942
2022-04-13,0.8311707286776658
2022-04-14,0.9883257523667784
2022-04-15,0.7045230445413352
2022-04-16,0.6137323508731585
2022-04-17,1.1010418904195813
2022-04-18,0.9542316457498866
2022-04-19,1.069070086508655
2022-04-20,0.8587600423836077
2022-04-21,0.7167698980741802
2022-04-22,0.6068245456394217
2022-04-23,0.5478760666851082
2022-04-24,0.6664917074049856
2022-04-25,0.7545648874456393
2022-04-26,0.683710914291459
2022-04-27,0.7406649812032906
2022-04-28,0.6617648713143834
2022-04-29,0.6871868651822902
2022-04-30,0.5130906376706348
2022-05-01,0.5610902272641072
2022-05-02,0.738136053234779
2022-05-03,0.663622725806424
2022-05-04,0.7135369575829558
2022-05-05,0.6424517100291144
2022-05-06,0.6739717908233933
2022-05-07,0.7246755389657457
2022-05-08,0.748312801371397
2022-05-09,0.770431586959505
2022-05-10,0.7844995142250899
2022-05-11,0.7788371070312164
2022-05-12,0.6525651281156386
2022-05-13,0.6189550074499451
2022-05-14,0.5401438558261596
2022-05-15,0.50926826316094
2022-05-16,0.8714397678693833
2022-05-17,0.5949231371604808
2022-05-18,0.6324288488637314
2022-05-19,0.8335004462450422
2022-05-20,0.6601692231400494
2022-05-21,1.2542263788164936
2022-05-22,1.2958693704388953
2022-05-23,0.8348973348926148
2022-05-24,0.7022768280527337
2022-05-25,0.8433324853118616
2022-05-26,0.733954366810941
2022-05-27,0.8788158740594351
2022-05-28,0.6532012635237993
2022-05-29,0.7679706683750954
2022-05-30,0.9012982858439874
2022-05-31,1.6522097475144637
2022-06-01,0.8079171775631474
2022-06-02,0.7920948640643523
2022-06-03,0.6740890618433079
2022-06-04,0.640326112758716
2022-06-05,0.693700724252774
2022-06-06,0.8227162758920762
2022-06-07,0.7502359019766931
2022-06-08,1.0167645033784791
2022-06-09,1.0821479081213496
2022-06-10,0.7069191617702271
2022-06-11,0.5354480548607833
2022-06-12,0.6064351856937127
2022-06-13,1.786249603622402
2022-06-14,0.8037433893090258
2022-06-15,0.8518692305568084
2022-06-16,0.7118291930131315
2022-06-17,1.3512598544867693
2022-06-18,0.5671370325675857
2022-06-19,0.5427695069006379
2022-06-20,0.7011825076242807
2022-06-21,0.6899786301878766
2022-06-22,0.671157981450881
2022-06-23,0.6976684355597751
2022-06-24,0.7858235543641516
2022-06-25,1.0407203610061306
2022-06-26,0.8487978125297275
2022-06-27,0.7231786783015578
2022-06-28,0.6294828608751466
2022-06-29,0.7516723305865727
2022-06-30,0.8786867661792173
2022-07-01,1.44999086675066
2022-07-02,1.9199366882463844
2022-07-03,0.7090642724401827
2022-07-04,0.8495802262272019
2022-07-05,1.0577305150661191
2022-07-06,1.5024543767785394
2022-07-07,0.9709388017335135
2022-07-08,0.9806735843864803
2022-07-09,0.7265672803260647
2022-07-10,0.6964786985376261
2022-07-11,0.9101156885763171
2022-07-12,1.8006907339145217
2022-07-13,1.3201203832392703
2022-07-14,1.3955770589704495
2022-07-15,0.9245422624527722
2022-07-16,0.816623580561837
2022-07-17,1.1168543239213786
2022-07-18,1.6618555568118967
2022-07-19,2.439001013744785
2022-07-20,3.5099905955193997
2022-07-21,3.9112202305580537
2022-07-22,3.264353640086103
2022-07-23,2.3904183840573396
2022-07-24,2.544517829791253
2022-07-25,2.4502601534109427
2022-07-26,0.9038890643149724
2022-07-27,1.042450374718308
2022-07-28,2.132624787663943
2022-07-29,1.1904615770775595
2022-07-30,1.1030267669403149
2022-07-31,1.3184249221961053
2022-08-01,1.2590752620193173
2022-08-02,1.7646420857815257
2022-08-03,1.7812769593209776
2022-08-04,2.8664982097456773
2022-08-05,2.5878249010603245
2022-08-06,2.463660855938285
2022-08-07,2.562817707154742
2022-08-08,3.6475656699235337
2022-08-09,4.218496879798692
2022-08-10,1.8301403309213098
2022-08-11,1.5197429341902406
2022-08-12,1.0503594591348073
2022-08-13,0.5065108942725349
2022-08-14,0.4950883110553318
2022-08-15,0.6744548460546467
2022-08-16,0.6822204289790271
2022-08-17,0.5838381581114374
2022-08-18,0.8279165134806971
2022-08-19,0.9770925097796798
2022-08-20,0.8544520080733748
2022-08-21,0.7018380294845457
2022-08-22,0.9597107465896586
2022-08-23,1.0419573921003515
2022-08-24,1.0731542015921212
2022-08-25,1.1538483074486903
2022-08-26,2.3362963789530173
2022-08-27,1.031640601859757
2022-08-28,0.8666014322020621
2022-08-29,1.6277612825724257
2022-08-30,1.5730782983335216
2022-08-31,1.2511720634891936
2022-09-01,0.9180190709151621
2022-09-02,0.6360825302761127
2022-09-03,0.5894333252462612
2022-09-04,0.6854295018227322
2022-09-05,0.7846312669297264
2022-09-06,0.7243110664866015
2022-09-07,0.7213913858667206
2022-09-08,0.6787884963518545
2022-09-09,0.6168071916273132
2022-09-10,0.5955501222331671
2022-09-11,0.5916715326560354
2022-09-12,0.9269019884937083
2022-09-13,1.1443398582745972
2022-09-14,0.8323046461202878
2022-09-15,0.5019932957457014
2022-09-16,0.5911190335376769
2022-09-17,0.46759493887690495
2022-09-18,0.7020083541199705
2022-09-19,1.1575316168352985
2022-09-20,0.8808808489138092
2022-09-21,0.8523506021861813
2022-09-22,0.9368753176715068
2022-09-23,0.7661225155695828
2022-09-24,0.5650626440465205
2022-09-25,0.6001204805313972
2022-09-26,0.8224733412205172
2022-09-27,0.7546274346644751
2022-09-28,0.7723841364914761
2022-09-29,0.7571216702217665
2022-09-30,0.6770446245111708
2022-10-01,0.7213350050864069
2022-10-02,0.6597456167397047
2022-10-03,0.82775563943188
2022-10-04,0.933357627276037
2022-10-05,0.8612798152914174
2022-10-06,0.8242294867221697
2022-10-07,0.8291327707993623
2022-10-08,0.7050976200051287
2022-10-09,0.7001626832287207
2022-10-10,0.8522877107862945
2022-10-11,0.7612555739616331
2022-10-12,0.7430547105855156
2022-10-13,0.8277353141829111
2022-10-14,0.7182269395193869
2022-10-15,0.5967811813709747
2022-10-16,0.6483113539106949
2022-10-17,0.5927594291568423
2022-10-18,0.571648437798472
2022-10-19,0.561100734672611
2022-10-20,0.6685463027142922
2022-10-21,0.6191320094039097
2022-10-22,0.5375850739476096
2022-10-23,0.559945485106235
2022-10-24,0.8248723141819022
2022-10-25,0.792312927065117
2022-10-26,0.8109340562144817
2022-10-27,0.6280063294932959
2022-10-28,0.6065875815849148
2022-10-29,0.5808668638048847
2022-10-30,0.7273461893356862
2022-10-31,0.607114885103414
2022-11-01,0.6600231772473204
2022-11-02,0.6437997547237708
2022-11-03,0.6360942841611456
2022-11-04,0.5763735877879306
2022-11-05,0.4686496908082784
2022-11-06,0.5576971436557101
2022-11-07,0.9199541400412643
2022-11-08,0.6590931880643953
2022-11-09,0.5304474731180134
2022-11-10,0.41356051829797075
2022-11-11,0.5160550888588624
2022-11-12,0.42947502148279115
2022-11-13,0.34883920324564666
2022-11-14,0.5787330066590731
2022-11-15,0.7061818572297924
2022-11-16,0.599623443591225
2022-11-17,0.5792493526134642
2022-11-18,0.6391339133403016
2022-11-19,0.5788082722085888
2022-11-20,0.7511448118214793
2022-11-21,0.9470492451233616
2022-11-22,0.6259319087864427
2022-11-23,0.6123934389274526
2022-11-24,0.5156427897217704
2022-11-25,0.5386995357335219
2022-11-26,0.46275952768336603
2022-11-27,0.4832333968855364
2022-11-28,0.534270286827858
2022-11-29,0.5460358076067913
2022-11-30,0.5214114952646973
2022-12-01,0.6542424171487308
2022-12-02,0.5974148790260158
2022-12-03,0.44614979604245425
2022-12-04,0.56307322695759
2022-12-05,0.6166036772061031
2022-12-06,0.5959755376382638
2022-12-07,0.5648565416720401
2022-12-08,0.5990858751949522
2022-12-09,0.6325460640306916
2022-12-10,0.5534453151549524
2022-12-11,0.6027473174504213
2022-12-12,1.2795072439281325
2022-12-13,1.0890982151682647
2022-12-14,1.053519659589218
2022-12-15,0.7813580018286022
2022-12-16,0.837794023288067
2022-12-17,0.6316349928092542
2022-12-18,0.7464521086876036
2022-12-19,0.9662097417316887
2022-12-20,0.8764389926158362
2022-12-21,0.7342064233850657
2022-12-22,0.7255952218164565
2022-12-23,2.5167692489538767
2022-12-24,5.758091777877297
2022-12-25,2.2971014906222353
2022-12-26,1.9346665817634727
2022-12-27,1.409354714776338
2022-12-28,1.2642738311889599
2022-12-29,1.3486117663323274
2022-12-30,0.8577030668153973
2022-12-31,0.5760539321633639
2023-01-01,0.5155584540759893
2023-01-02,0.6071766950068196
2023-01-03,0.6997691041288491
2023-01-04,0.6691765604236467
2023-01-05,0.557104534022501
2023-01-06,0.719975409285198
2023-01-07,0.6152112651822504
2023-01-08,0.5528671756016442
2023-01-09,0.6741416109663605
2023-01-10,1.029707955208728
2023-01-11,1.0861046804527388
2023-01-12,0.7465148771758767
2023-01-13,0.8607912266882262
2023-01-14,1.0998816694662907
2023-01-15,1.0958893078074066
2023-01-16,0.8674284942834664
2023-01-17,0.9313404023219303
2023-01-18,0.7590568335500744
2023-01-19,1.573394131636463
2023-01-20,0.7190788526721001
2023-01-21,0.7378898575400308
2023-01-22,0.6445269606766517
2023-01-23,0.7944139147134494
2023-01-24,0.6690470545569074
2023-01-25,0.7794251854735545
2023-01-26,0.6375736456241052
2023-01-27,0.6607623547164286
2023-01-28,0.5050455110327297
2023-01-29,0.5049119544804673
2023-01-30,0.5803217932522458
2023-01-31,0.7378972836158206
2023-02-01,0.9937252214305894
2023-02-02,0.9646127655669245
2023-02-03,1.7299882356493368
2023-02-04,2.290791318397881
2023-02-05,1.1040947901466933
2023-02-06,0.8387684195782776
2023-02-07,0.7997988442377478
2023-02-08,0.6546948187684399
2023-02-09,0.6773547200789352
2023-02-10,0.5538714855183342
2023-02-11,0.5520234752544961
2023-02-12,0.5519138683409132
2023-02-13,0.6709425892409074
2023-02-14,0.725803470316757
2023-02-15,0.6526847493046416
2023-02-16,0.5881601680875266
2023-02-17,0.8193034993850061
2023-02-18,0.5362944519697341
2023-02-19,0.44314906172856455
2023-02-20,0.46866141774315917
2023-02-21,0.6688014294789314
2023-02-22,0.6777583458823759
2023-02-23,0.6819310040677725
2023-02-24,1.1898759550830458
2023-02-25,1.3803983445604922
2023-02-26,1.0753936627849023
2023-02-27,1.0242413121863
2023-02-28,1.208425137375129
2023-03-01,0.9709399495142308
2023-03-02,0.7021467512404602
2023-03-03,0.7048353694130084
2023-03-04,0.666142118168997
2023-03-05,0.6501938598834086
2023-03-06,0.7730874263891584
2023-03-07,0.9810030024109905
2023-03-08,0.6834921098355942
2023-03-09,0.7279759154806705
2023-03-10,0.829944951635276
2023-03-11,0.7363556291600579
2023-03-12,0.5927806696515076
2023-03-13,0.7459542234792117
2023-03-14,1.0577994013697234
2023-03-15,0.7700947602727647
2023-03-16,0.692965813850655
2023-03-17,0.6698289335471339
2023-03-18,0.6171025086011929
2023-03-19,0.6689365575932043
2023-03-20,0.8872882451098644
2023-03-21,0.669215775566796
2023-03-22,0.6518875048026059
2023-03-23,0.6316851580062969
2023-03-24,0.6486078346408546
2023-03-25,0.5904684732598204
2023-03-26,0.6428983577808405
2023-03-27,0.6443067048701752
2023-03-28,0.6309215620473979
2023-03-29,0.6331754056061845
2023-03-30,0.8462490996541557
2023-03-31,0.7447134260432988
2023-04-01,0.6208398768908309
2023-04-02,0.533078049715526
2023-04-03,0.7290635759234106
2023-04-04,0.6220690907848294
2023-04-05,0.6703715135356522
2023-04-06,0.6117874411092912
2023-04-07,0.6060472413514577
2023-04-08,0.5239000002846453
2023-04-09,0.4786730371245202
2023-04-10,0.5642592202596249
2023-04-11,0.6198873457977369
2023-04-12,0.5800346447696904
2023-04-13,0.7765391967179714
2023-04-14,0.924069319326892
2023-04-15,0.7897621448101539
2023-04-16,0.6497419323210426
2023-04-17,0.6550861396129505
2023-04-18,0.7892746420044221
2023-04-19,0.7755633571305024
2023-04-20,0.5273386811256889
2023-04-21,0.47195823757013294
2023-04-22,0.4193861274214309
2023-04-23,0.4238726586254392
2023-04-24,0.4528333238189546
2023-04-25,0.5305018560200774
2023-04-26,0.4752891287567862
2023-04-27,0.44214902797236827
2023-04-28,0.4509108435794432
2023-04-29,0.49358388104830303
2023-04-30,0.4821917758306179
2023-05-01,0.6482961259178084
2023-05-02,0.573917815591536
2023-05-03,0.5350448155330825
2023-05-04,0.5693396276120154
2023-05-05,0.5547529952498058
2023-05-06,0.451603700116977
2023-05-07,0.4615529793387547
2023-05-08,0.5330369146454516
2023-05-09,0.5001526686353768
2023-05-10,0.5619746484292457
2023-05-11,0.6454927283543551
2023-05-12,0.7057889796643535
2023-05-13,0.7003969532493673
2023-05-14,0.6678372276270372
2023-05-15,0.7409178528831437
2023-05-16,0.8007693496256563
2023-05-17,0.7731280740136632
2023-05-18,0.7304835916477564
2023-05-19,0.8289400792583649
2023-05-20,0.6536071026275344
2023-05-21,0.5794730659810549
2023-05-22,0.6346914266226393
2023-05-23,0.6479887677400642
2023-05-24,0.6853679377811217
2023-05-25,0.49773241845014504
2023-05-26,0.5878816562223389
2023-05-27,0.532797577252412
2023-05-28,0.5438450231211763
2023-05-29,0.58530707230192
2023-05-30,0.6475687863517938
2023-05-31,0.5887855827756499
2023-06-01,0.7148463148953388
2023-06-02,0.7642413389800283
2023-06-03,0.5608119920406353
2023-06-04,0.44266724897062537
2023-06-05,0.6220619158823593
2023-06-06,0.6965488237258536
2023-06-07,1.3233266806708017
2023-06-08,0.7321684051387243
2023-06-09,0.6877800382176555
2023-06-10,0.6534038806895576
2023-06-11,0.7445950803605664
2023-06-12,1.1852890611515963
2023-06-13,1.2926943131365773
2023-06-14,1.2134365445491717
2023-06-15,0.6346853892678934
2023-06-16,0.688019917142761
2023-06-17,0.5912368408114052
2023-06-18,0.5956542957880518
2023-06-19,0.640066059439516
2023-06-20,0.6739312557869407
2023-06-21,0.7728248033216554
2023-06-22,0.7330609969880443
2023-06-23,0.6958111159103604
2023-06-24,0.6868697631151641
2023-06-25,0.6714232316244437
2023-06-26,0.8653909422511635
2023-06-27,0.8297929385696292
2023-06-28,0.8439207738688514
2023-06-29,0.9312445875360734
2023-06-30,0.9785494260739039
2023-07-01,0.7811468246622231
2023-07-02,0.9029288012470773
2023-07-03,1.2678707746483935
2023-07-04,1.1070341098120928
2023-07-05,2.3300358066307063
2023-07-06,2.5011635590712173
2023-07-07,2.2965854824329264
2023-07-08,1.1762465653289116
2023-07-09,1.2721288844961736
2023-07-10,1.4588857220743823
2023-07-11,1.5244582423984998
2023-07-12,1.698545861522797
2023-07-13,1.6921186143566056
2023-07-14,1.6696578539779108
2023-07-15,1.3972451709477678
2023-07-16,1.187629450971367
2023-07-17,1.6053168413408574
2023-07-18,1.6324607103386524
2023-07-19,1.278639403317577
2023-07-20,1.4813746980871505
2023-07-21,1.419501486906304
2023-07-22,1.108135512420607
2023-07-23,1.1217463987255516
2023-07-24,1.4607925690129517
2023-07-25,1.5141285018855484
2023-07-26,1.896085794178497
2023-07-27,3.160419263485664
2023-07-28,2.9432976054222832
2023-07-29,1.852016492211224
2023-07-30,0.884557995711747
2023-07-31,1.2158185365686454
2023-08-01,1.1308824397247712
2023-08-02,1.0279086612452155
2023-08-03,1.165176809311512
2023-08-04,1.0966516953344165
2023-08-05,1.0219833424559388
2023-08-06,1.127473339873266
2023-08-07,1.3727254962787852
2023-08-08,1.1996456450502981
2023-08-09,1.37531863240973
2023-08-10,1.3324610190114148
2023-08-11,1.105978543825438
2023-08-12,0.9991498514372057
2023-08-13,1.0812803161291975
2023-08-14,1.0504767379512958
2023-08-15,1.0754393697564413
2023-08-16,0.8960428766547706
2023-08-17,0.9914669795558004
2023-08-18,1.000907945485775
2023-08-19,0.7788362537805973
2023-08-20,0.9072768174157362
2023-08-21,1.4733094822304387
2023-08-22,1.0628357465149374
2023-08-23,0.9734026531279988
2023-08-24,0.8285485422021471
2023-08-25,0.8927452009396253
2023-08-26,0.8564386127562299
2023-08-27,0.865104527194238
2023-08-28,0.8167141388253643
2023-08-29,0.8273537479503942
2023-08-30,1.0473280193851446
2023-08-31,0.6793613940135385
2023-09-01,0.6486199497112154
2023-09-02,0.6911346897832138
2023-09-03,0.7964659514361617
2023-09-04,1.1413251865078902
2023-09-05,2.4423898407800326
2023-09-06,2.9049187250074398
2023-09-07,2.8477614848175588
2023-09-08,2.0326530581294007
2023-09-09,1.207608827597572
2023-09-10,1.1279681834976292
2023-09-11,2.0190690314008335
2023-09-12,2.180537248558018
2023-09-13,1.4170730198270776
2023-09-14,1.2393474236758224
2023-09-15,1.116305374755427
2023-09-16,0.984838615496998
2023-09-17,0.7926866395447969
2023-09-18,1.0845199069776619
2023-09-19,0.8957581178431846
2023-09-20,0.8366933961050254
2023-09-21,0.9407321409468457
2023-09-22,1.0327123798170255
2023-09-23,0.7749262727859992
2023-09-24,0.984682014428704
2023-09-25,1.0111524314620464
2023-09-26,0.9271756944838319
2023-09-27,0.9779556939975401
2023-09-28,0.8640599045176344
2023-09-29,1.098014789123462
2023-09-30,0.8942143749571484
2023-10-01,1.0198300425517808
2023-10-02,1.0986269780078708
2023-10-03,1.1342541452681731
2023-10-04,1.4446574930462557
2023-10-05,1.2515835139560603
2023-10-06,1.3638982438927576
2023-10-07,0.891113390543328
2023-10-08,0.6963572029827398
2023-10-09,0.7665788522576572
2023-10-10,0.948034940243506
2023-10-11,0.9644736397329539
2023-10-12,0.8811187131019594
2023-10-13,0.928754254365796
2023-10-14,0.9555102779509836
2023-10-15,0.7613679199191826
2023-10-16,0.9465298867562623
2023-10-17,1.1285305634425036
2023-10-18,1.1973266744346553
2023-10-19,1.1141462710047132
2023-10-20,1.0903276425937627
2023-10-21,1.0222959022914413
2023-10-22,0.8888285077316286
2023-10-23,1.0026006988104124
2023-10-24,0.946547909465826
2023-10-25,0.8951318372336482
2023-10-26,0.9085701529984502
2023-10-27,0.7265588595364113
2023-10-28,0.7806883479495422
2023-10-29,0.7910067179501294
2023-10-30,0.8551232986614575
2023-10-31,0.848762103715736
2023-11-01,0.7139108361463409
2023-11-02,0.7375468034320632
2023-11-03,0.6773032559247368
2023-11-04,0.670332955336033
2023-11-05,0.6781863251562943
2023-11-06,0.8337201463230853
2023-11-07,0.6659618348564612
2023-11-08,0.6779030520200892
2023-11-09,0.6827563684293365
2023-11-10,0.853664272015861
2023-11-11,0.7165505238520999
2023-11-12,0.7829137272028954
2023-11-13,0.8152596223407005
2023-11-14,0.8390791172293584
2023-11-15,0.7926919380318608
2023-11-16,0.742707621620832
2023-11-17,0.5609677253094727
2023-11-18,0.582447084036209
2023-11-19,0.5264152165549549
2023-11-20,0.8055701225384634
2023-11-21,0.744919560923813
2023-11-22,0.5739833094014045
2023-11-23,0.4402421833889719
2023-11-24,0.5168776625443366
2023-11-25,0.5677909775607349
2023-11-26,0.5167175251469625
2023-11-27,0.6003401917162003
2023-11-28,0.7821784743138942
2023-11-29,0.9979814255492744
2023-11-30,0.7601233466979697
2023-12-01,0.7689411893061215
2023-12-02,0.5795643076858403
2023-12-03,0.5615449262128425
2023-12-04,0.7685677976133587
2023-12-05,0.8687782042711171
2023-12-06,0.9131544038453511
2023-12-07,0.8696742415701894
2023-12-08,0.653885820469615
2023-12-09,0.4922567839995843
2023-12-10,0.3568250415049597
2023-12-11,0.656581580507856
2023-12-12,0.6092603835968609
2023-12-13,0.5041083215164479
2023-12-14,0.5787892916615339
2023-12-15,0.5601351681250182
2023-12-16,0.40784048555866226
2023-12-17,0.39204671113482065
2023-12-18,0.655700488976052
2023-12-19,1.4829169669324678
2023-12-20,0.5364076747927868
2023-12-21,0.5895158433443793
2023-12-22,0.7114883825864486
2023-12-23,0.5645823237494456
2023-12-24,0.45898446526265874
2023-12-25,0.44798798877928603
2023-12-26,0.5428015871766223
2023-12-27,0.5199026775537774
2023-12-28,0.5942098416864032
2023-12-29,0.4408393519603049
2023-12-30,0.39028668631700975
2023-12-31,0.4063309649484368
2024-01-01,0.48933260441291654
2024-01-02,0.8539856898921688
2024-01-03,0.7844412849344221
2024-01-04,0.8079656899828865
2024-01-05,0.874633047710846
2024-01-06,0.7470877308406482
2024-01-07,0.651299615847692
2024-01-08,0.7910372069838505
2024-01-09,0.7063715173056945
2024-01-10,0.6458150104332014
2024-01-11,0.6313176336057725
2024-01-12,0.589569130379855
2024-01-13,0.507271212384085
2024-01-14,0.6199253363588123
2024-01-15,0.8619196011425272
2024-01-16,0.9703822495611876
2024-01-17,1.2148367997747898
2024-01-18,1.0976223396539744
2024-01-19,0.9262232651191189
2024-01-20,1.0619503736107372
2024-01-21,0.8464429704387961
2024-01-22,0.8832761046240631
2024-01-23,0.8993426205278469
2024-01-24,0.7257324040920701
2024-01-25,0.6462780810293979
2024-01-26,0.6826245874015326
2024-01-27,0.6551535332583447
2024-01-28,0.6807780082452434
2024-01-29,0.8930627494471274
2024-01-30,0.8983733980685648
2024-01-31,0.853912269893629
2024-02-01,0.7515003629528847
2024-02-02,0.7873897946273871
2024-02-03,0.7721990271792345
2024-02-04,0.7830616603258472
2024-02-05,1.011498773039171
2024-02-06,0.9551456137929116
2024-02-07,0.865994801252883
2024-02-08,0.737538542923652
2024-02-09,0.6210478441773538
2024-02-10,0.4451200237201507
2024-02-11,0.5278315702425733
2024-02-12,0.7639192317085519
2024-02-13,0.7725895544861395
2024-02-14,1.0021433709304859
2024-02-15,0.8221223394843341
2024-02-16,0.8156766966603565
2024-02-17,0.7310495486579597
2024-02-18,0.6813807671568624
2024-02-19,0.7861225912564102
2024-02-20,0.872400728407765
2024-02-21,0.798346446863682
2024-02-22,0.7485979690862697
2024-02-23,0.773062748174383
2024-02-24,0.6172643112556014
2024-02-25,0.6507224374020651
2024-02-26,0.7795770119683074
2024-02-27,0.5495296602561985
2024-02-28,0.5006783255576472
2024-02-29,0.7298065415947357
2024-03-01,0.6506304924997018
2024-03-02,0.4972809254241471
2024-03-03,0.3750092991600921
2024-03-04,0.48873790301349274
2024-03-05,0.6812884733533182
2024-03-06,0.721032071842955
2024-03-07,0.49553932740824785
2024-03-08,0.5333828539559656
2024-03-09,0.4968934264196439
2024-03-10,0.4742810100511552
2024-03-11,0.7656836795596585
2024-03-12,0.562681027572994
2024-03-13,0.49533670637194543
2024-03-14,0.4894847200841853
2024-03-15,0.4972683937251678
2024-03-16,0.40828296617305176
2024-03-17,0.42014541177009457
2024-03-18,0.5700997812191162
2024-03-19,0.6625955123085461
2024-03-20,0.6166421565145122
2024-03-21,0.6366310366650091
2024-03-22,0.7678321378177133
2024-03-23,0.7938562701175804
2024-03-24,0.5759733818191409
2024-03-25,0.8799764246843345
2024-03-26,0.6514195246778407
2024-03-27,0.6299797528425783
2024-03-28,0.5617866920424502
2024-03-29,0.5662761881777878
2024-03-30,0.5180460794561835
2024-03-31,0.3979865096240008
2024-04-01,0.5993934174676803
2024-04-02,0.641549173278507
2024-04-03,0.7398508485316414
2024-04-04,0.8012325916871946
2024-04-05,0.6486630548299606
2024-04-06,0.38932068103683193
2024-04-07,0.3828955947777008
2024-04-08,0.48000471560568797
2024-04-09,0.4851567124486153
2024-04-10,0.5683349898067369
2024-04-11,0.5218958438036346
2024-04-12,0.4509402354975183
2024-04-13,0.387762826829382
2024-04-14,0.5290582443918026
2024-04-15,0.5431576078103193
2024-04-16,0.42891431726887863
2024-04-17,0.38662078320101145
2024-04-18,0.5434931303346021
2024-04-19,0.3950301237653614
2024-04-20,0.35642325408336195
2024-04-21,0.4109597364385939
2024-04-22,0.45590943801965444
2024-04-23,0.3928318842878242
2024-04-24,0.46467621627328204
2024-04-25,0.46925624533898985
2024-04-26,0.4502328082934042
2024-04-27,0.4613879582838389
2024-04-28,0.39724093065264166
2024-04-29,0.506035832026464
2024-04-30,0.4161942967894927
2024-05-01,0.3902984548282671
2024-05-02,0.6491933339837357
2024-05-03,0.3746310145917581
2024-05-04,0.34828793550683573
2024-05-05,0.4411061141422641
2024-05-06,0.48683636514865936
2024-05-07,0.563928800715953
2024-05-08,0.6593661216924684
2024-05-09,0.6411328692890207
2024-05-10,0.5457226093513641
2024-05-11,0.45677861617527266
2024-05-12,0.4086887326142742
2024-05-13,0.4750124337962087
2024-05-14,0.522491617330865
2024-05-15,0.5570369705591
2024-05-16,0.46168523196941935
2024-05-17,0.4468683975748758
2024-05-18,0.43353176843683455
2024-05-19,0.4590025185070447
2024-05-20,0.7685856839779556
2024-05-21,0.943279743611461
2024-05-22,1.0331660188992802
2024-05-23,1.0381435023070642
2024-05-24,0.8690152527003723
2024-05-25,0.5581265188961615
2024-05-26,0.5773177744963559
2024-05-27,0.6647773901824634
2024-05-28,0.6565492490049121
2024-05-29,0.49404849698729114
2024-05-30,0.39591638653685335
2024-05-31,0.4129091449841781
2024-06-01,0.407121089253599
2024-06-02,0.45904618615028675
2024-06-03,0.785435871289294
2024-06-04,0.8032583066202864
2024-06-05,0.6472903159609699
2024-06-06,1.0551609171213607
2024-06-07,0.6293156725638316
2024-06-08,0.42816665109837226
2024-06-09,0.502023520930083
2024-06-10,0.4752507452406747
2024-06-11,0.46840600631671037
2024-06-12,1.157673653615033
2024-06-13,0.8775697051294106
2024-06-14,0.7679243157518807
2024-06-15,0.6340178031661196
2024-06-16,0.6428987736676945
2024-06-17,1.0501111826917806
2024-06-18,1.9875361001717542
2024-06-19,2.485559978144835
2024-06-20,2.618818432256804
2024-06-21,2.594339859348121
2024-06-22,1.5693369465603917
2024-06-23,1.76276845396116
2024-06-24,1.1984820542483057
2024-06-25,1.5306414616478676
2024-06-26,1.6803024945414062
2024-06-27,0.8569743383927316
2024-06-28,0.651746293080672
2024-06-29,0.5248029899832679
2024-06-30,0.8315073445896599
2024-07-01,0.5289262788008359
2024-07-02,0.5784762586973201
2024-07-03,0.6147840046639711
2024-07-04,0.7448930023316915
2024-07-05,1.1472505469113252
2024-07-06,1.0378427462587354
2024-07-07,1.3947801245262559
2024-07-08,2.758305354779457
2024-07-09,2.7026814538686823
2024-07-10,2.793435735791883
2024-07-11,2.0865929851911096
2024-07-12,1.7621112762811333
2024-07-13,1.6639308678570741
2024-07-14,1.645170951207568
2024-07-15,2.824923738193839
2024-07-16,2.7652479992099277
2024-07-17,2.4682325542823653
2024-07-18,1.3230395117749958
2024-07-19,0.9757361279554657
2024-07-20,0.8958704232520148
2024-07-21,0.9840780352982798
2024-07-22,1.061435550028499
2024-07-23,1.1298108913692304
2024-07-24,1.0350925435772447
2024-07-25,1.1691573912866695
2024-07-26,1.0391281417007594
2024-07-27,0.983992763425052
2024-07-28,0.9931921139698229
2024-07-29,1.4188038325564598
2024-07-30,1.782995194497721
2024-07-31,2.243580247408517
2024-08-01,2.428714073841325
2024-08-02,2.5824701578748575
2024-08-03,1.577360737939306
2024-08-04,1.4147909292065566
2024-08-05,1.8951444507293522
2024-08-06,1.6404513498738673
2024-08-07,0.8287549667771422
2024-08-08,0.7861150050802417
2024-08-09,1.1171683476411503
2024-08-10,0.8278529735883265
2024-08-11,0.6952142213690944
2024-08-12,0.8920257636860816
2024-08-13,0.7552227655000363
2024-08-14,0.8262435132262274
2024-08-15,1.0208269662291434
2024-08-16,1.0247304233379377
2024-08-17,0.7572033326078819
2024-08-18,0.772040457840272
2024-08-19,0.9399792824643851
2024-08-20,0.6644130545881136
2024-08-21,0.5604426836999339
2024-08-22,0.5836785895513452
2024-08-23,0.5711762262083722
2024-08-24,0.5915736228039462
2024-08-25,0.6874163408732754
2024-08-26,1.3041684409528942
2024-08-27,1.5447649238309031
2024-08-28,2.3400331915585006
2024-08-29,1.0160197320891473
2024-08-30,0.5862051224242857
2024-08-31,0.5873686351730577
2024-09-01,0.6323994340279895
2024-09-02,0.5468875522253634
2024-09-03,0.5424819991885854
2024-09-04,0.6044393290270923
2024-09-05,0.5460155019640198
2024-09-06,0.6404665962219787
2024-09-07,0.4668141946030543
2024-09-08,0.4441203031808336
2024-09-09,0.5361768569564026
2024-09-10,0.5520164284113314
2024-09-11,0.5477864313732462
2024-09-12,0.6222063188688187
2024-09-13,0.7016017119226421
2024-09-14,0.6978578311047806
2024-09-15,0.7665954661001447
2024-09-16,0.6076895133106559
2024-09-17,0.6824880677313896
2024-09-18,0.7510626318622454
2024-09-19,0.8997460536896219
2024-09-20,0.9651421721990106
2024-09-21,0.680222231755672
2024-09-22,0.6574768606498402
2024-09-23,1.0505203671832901
2024-09-24,0.8752772351540935
2024-09-25,0.7210642867245582
2024-09-26,0.8654418153934232
2024-09-27,0.637946770440096
2024-09-28,0.5112097136544776
2024-09-29,0.5393993764283342
2024-09-30,0.6377110484698234
2024-10-01,0.519399319389028
2024-10-02,0.44479191138900454
2024-10-03,0.5037643446319319
2024-10-04,0.5400849334315341
2024-10-05,0.4156682667160428
2024-10-06,0.4444064657656868
2024-10-07,0.8446500392360237
2024-10-08,0.6830667964633413
2024-10-09,0.6430053636456879
2024-10-10,0.6558491142915532
2024-10-11,0.5938094440216021
2024-10-12,0.5941537811128837
2024-10-13,0.6134024452933635
2024-10-14,0.8396990658729402
2024-10-15,0.7552734562264164
2024-10-16,0.7502732523972817
2024-10-17,0.6997233734139526
2024-10-18,0.6377331821418558
2024-10-19,0.5940937888545611
2024-10-20,0.5589919571844227
2024-10-21,0.7293671022132454
2024-10-22,0.8156963355056142
2024-10-23,0.5863287634293544
2024-10-24,0.7384378746151578
2024-10-25,0.6831843699019935
2024-10-26,0.48753549954291314
2024-10-27,0.5644019691700511
2024-10-28,0.7458304038605943
2024-10-29,0.6871379593427672
2024-10-30,0.6779987700754233
2024-10-31,0.6501492521105637
2024-11-01,0.7229979240280775
2024-11-02,0.6230434256718058
2024-11-03,0.629746656066568
2024-11-04,0.6507984135913042
2024-11-05,0.5672658715039087
2024-11-06,0.7253080101382323
2024-11-07,0.6005898904048992
2024-11-08,0.4993271096090629
2024-11-09,0.37678078435227824
2024-11-10,0.42488446189224033
2024-11-11,0.3637039177038005
2024-11-12,0.45869524761179586
2024-11-13,0.5755443723250219
2024-11-14,0.5491200754348451
2024-11-15,0.5630625548810821
2024-11-16,0.38883719429784713
2024-11-17,0.42763553118133013
2024-11-18,0.6427327460540979
2024-11-19,0.661925640231432
2024-11-20,0.700723556641268
2024-11-21,0.6680517403052558
2024-11-22,0.7813001036329511
2024-11-23,0.5754858493003823
2024-11-24,0.543946192410085
2024-11-25,0.6460486357402523
2024-11-26,0.618083057681897
2024-11-27,0.54680539022652
2024-11-28,0.5350984415360793
2024-11-29,0.6514000356869389
2024-11-30,0.7008993789017592
2024-12-01,1.035930793370215
2024-12-02,1.1421931106315173
2024-12-03,1.4947195870960412
2024-12-04,1.528949351067527
2024-12-05,1.3163124940339626
2024-12-06,1.0868166737547744
2024-12-07,0.9719429758827796
2024-12-08,0.6481734793213304
2024-12-09,0.770154645605421
2024-12-10,0.726454084752043
2024-12-11,0.6952542308761949
2024-12-12,1.0048404075211659
2024-12-13,1.0882489994342464
2024-12-14,0.9775835648000321
2024-12-15,1.032525272313467
2024-12-16,1.1076814695391974
2024-12-17,0.7186931213252484
2024-12-18,0.6348937037447755
2024-12-19,0.6926074013560959
2024-12-20,0.8660132360903023
2024-12-21,1.0428350105587512
2024-12-22,1.6076964163380154
2024-12-23,1.5772210016850832
2024-12-24,1.361560428436014
2024-12-25,0.9606555098977902
2024-12-26,1.4613548407444803
2024-12-27,1.1216796715022668
2024-12-28,0.7616648693182031
2024-12-29,0.5738920770229762
2024-12-30,0.5777644750642995
2024-12-31,0.6022671775576508
