,date,site_nox
0,2020-01-01,12.216667
1,2020-01-02,44.765217
2,2020-01-03,47.533333
3,2020-01-04,56.441667
4,2020-01-05,12.904167
5,2020-01-06,30.5625
6,2020-01-07,43.1875
7,2020-01-08,22.895833
8,2020-01-09,39.633333
9,2020-01-10,37.32
10,2020-01-11,18.320833
11,2020-01-12,10.033333
12,2020-01-13,47.175
13,2020-01-14,58.979167
14,2020-01-15,53.970833
15,2020-01-16,19.579167
16,2020-01-17,27.233333
17,2020-01-18,30.65
18,2020-01-19,15.916667
19,2020-01-20,25.195833
20,2020-01-21,53.583333
21,2020-01-22,102.816667
22,2020-01-23,94.925
23,2020-01-24,137.431818
24,2020-01-25,19.795833
25,2020-01-26,17.754167
26,2020-01-27,25.708333
27,2020-01-28,27.604167
28,2020-01-29,32.3625
29,2020-01-30,55.9
30,2020-01-31,60.475
31,2020-02-01,51.138889
32,2020-02-02,20.7125
33,2020-02-03,40.879167
34,2020-02-04,104.029167
35,2020-02-05,42.370833
36,2020-02-06,52.570833
37,2020-02-07,40.385714
38,2020-02-08,19.95
39,2020-02-09,21.1625
40,2020-02-10,21.429167
41,2020-02-11,70.0875
42,2020-02-12,21.991667
43,2020-02-13,57.13913
44,2020-02-14,27.0875
45,2020-02-15,23.727778
46,2020-02-16,44.158333
47,2020-02-17,63.025
48,2020-02-18,45.447826
49,2020-02-19,30.2
50,2020-02-20,29.447826
51,2020-02-21,30.283333
52,2020-02-22,24.7625
53,2020-02-23,37.366667
54,2020-02-24,43.325
55,2020-02-25,42.88
56,2020-02-26,50.091667
57,2020-02-27,16.1625
58,2020-02-28,14.358333
59,2020-02-29,14.470833
60,2020-03-01,20.666667
61,2020-03-02,24.079167
62,2020-03-03,26.036364
63,2020-03-04,14.266667
64,2020-03-05,22.7375
65,2020-03-06,49.325
66,2020-03-07,17.9375
67,2020-03-08,19.208333
68,2020-03-09,29.783333
69,2020-03-10,18.491667
70,2020-03-11,39.805556
71,2020-03-12,76.4875
72,2020-03-13,14.041667
73,2020-03-14,13.290909
74,2020-03-15,15.045833
75,2020-03-16,24.0625
76,2020-03-17,23.616667
77,2020-03-18,27.95
78,2020-03-19,32.875
79,2020-03-20,19.491667
80,2020-03-21,11.883333
81,2020-03-22,7.741667
82,2020-03-23,26.6875
83,2020-03-24,25.6875
84,2020-03-25,28.666667
85,2020-03-26,26.063158
86,2020-03-27,25.120833
87,2020-03-28,21.020833
88,2020-03-29,10.145833
89,2020-03-30,27.095833
90,2020-03-31,18.570833
91,2020-04-01,19.4625
92,2020-04-02,14.608333
93,2020-04-03,13.933333
94,2020-04-04,9.345833
95,2020-04-05,18.066667
96,2020-04-06,22.020833
97,2020-04-07,15.529167
98,2020-04-08,18.188235
99,2020-04-09,10.329167
100,2020-04-10,9.047826
101,2020-04-11,10.3625
102,2020-04-12,31.895833
103,2020-04-13,5.129167
104,2020-04-14,12.404167
105,2020-04-15,15.276471
106,2020-04-16,11.385714
107,2020-04-17,15.016667
108,2020-04-18,17.5125
109,2020-04-19,14.45
110,2020-04-20,21.229167
111,2020-04-21,13.417647
112,2020-04-22,12.816667
113,2020-04-23,26.704167
114,2020-04-24,27.4
115,2020-04-25,48.270833
116,2020-04-26,9.320833
117,2020-04-27,17.245833
118,2020-04-28,25.311111
119,2020-04-29,28.370833
120,2020-04-30,8.4
121,2020-05-01,13.404167
122,2020-05-02,10.1625
123,2020-05-03,6.8625
124,2020-05-04,15.405556
125,2020-05-05,19.025
126,2020-05-06,29.183333
127,2020-05-07,21.225
128,2020-05-08,24.620833
129,2020-05-09,8.041667
130,2020-05-10,5.8125
131,2020-05-11,15.7375
132,2020-05-12,14.379167
133,2020-05-13,26.518182
134,2020-05-14,50.483333
135,2020-05-15,21.241667
136,2020-05-16,10.329167
137,2020-05-17,4.2375
138,2020-05-18,21.6125
139,2020-05-19,17.694737
140,2020-05-20,20.691667
141,2020-05-21,24.55
142,2020-05-22,27.554167
143,2020-05-23,13.133333
144,2020-05-24,7.591667
145,2020-05-25,11.65
146,2020-05-26,17.716667
147,2020-05-27,10.325
148,2020-05-28,9.595238
149,2020-05-29,9.083333
150,2020-05-30,11.533333
151,2020-05-31,7.3
152,2020-06-01,22.029167
153,2020-06-02,20.308333
154,2020-06-03,15.8875
155,2020-06-04,23.0625
156,2020-06-05,13.933333
157,2020-06-06,14.166667
158,2020-06-07,12.045833
159,2020-06-08,25.0625
160,2020-06-09,25.72
161,2020-06-10,18.216667
162,2020-06-11,10.05
163,2020-06-12,28.15
164,2020-06-13,10.820833
165,2020-06-14,6.766667
166,2020-06-15,22.479167
167,2020-06-16,30.966667
168,2020-06-17,21.0875
169,2020-06-18,18.258333
170,2020-06-19,12.241667
171,2020-06-20,14.2
172,2020-06-21,9.0375
173,2020-06-22,13.1
174,2020-06-23,9.445
175,2020-06-24,12.030769
176,2020-06-25,17.046154
177,2020-06-26,19.279167
178,2020-06-27,20.704167
179,2020-06-28,14.870833
180,2020-06-29,26.604167
181,2020-06-30,23.386364
182,2020-07-01,19.020833
183,2020-07-02,32.070833
184,2020-07-03,21.604167
185,2020-07-04,7.8
186,2020-07-05,8.541667
187,2020-07-06,24.033333
188,2020-07-07,13.220833
189,2020-07-08,6.635
190,2020-07-09,9.045833
191,2020-07-10,18.033333
192,2020-07-11,6.279167
193,2020-07-12,5.2625
194,2020-07-13,15.933333
195,2020-07-14,25.086364
196,2020-07-15,18.279167
197,2020-07-16,6.558333
198,2020-07-17,8.633333
199,2020-07-18,16.483333
200,2020-07-19,8.1125
201,2020-07-20,16.3375
202,2020-07-21,23.675
203,2020-07-22,14.365
204,2020-07-23,11.2375
205,2020-07-24,29.716667
206,2020-07-25,16.191667
207,2020-07-26,7.641667
208,2020-07-27,12.791667
209,2020-07-28,18.025
210,2020-07-29,21.879167
211,2020-07-30,22.863636
212,2020-07-31,19.983333
213,2020-08-01,17.554167
214,2020-08-02,4.058333
215,2020-08-03,10.316667
216,2020-08-04,13.395833
217,2020-08-05,12.125
218,2020-08-06,39.558333
219,2020-08-07,35.695
220,2020-08-08,16.825
221,2020-08-09,9.025
222,2020-08-10,13.479167
223,2020-08-11,8.970833
224,2020-08-12,20.420833
225,2020-08-13,33.928571
226,2020-08-14,30.829167
227,2020-08-15,16.616667
228,2020-08-16,9.145833
229,2020-08-17,20.670833
230,2020-08-18,22.347059
231,2020-08-19,40.366667
232,2020-08-20,28.379167
233,2020-08-21,9.529167
234,2020-08-22,9.1875
235,2020-08-23,10.883333
236,2020-08-24,17.071429
237,2020-08-25,25.183333
238,2020-08-26,28.670833
239,2020-08-27,34.9875
240,2020-08-28,24.191667
241,2020-08-29,20.266667
242,2020-08-30,17.333333
243,2020-08-31,35.495833
244,2020-09-01,22.088235
245,2020-09-02,15.958333
246,2020-09-03,22.691667
247,2020-09-04,25.05
248,2020-09-05,12.804167
249,2020-09-06,9.145833
250,2020-09-07,10.666667
251,2020-09-08,24.891667
252,2020-09-09,34.395238
253,2020-09-10,20.004167
254,2020-09-11,28.9375
255,2020-09-12,16.304167
256,2020-09-13,7.329167
257,2020-09-14,19.75
258,2020-09-15,24.233333
259,2020-09-16,27.633333
260,2020-09-17,17.133333
261,2020-09-18,23.1375
262,2020-09-19,15.204167
263,2020-09-20,13.7375
264,2020-09-21,44.2625
265,2020-09-22,35.995833
266,2020-09-23,29.261905
267,2020-09-24,55.454167
268,2020-09-25,30.070833
269,2020-09-26,15.429167
270,2020-09-27,7.925
271,2020-09-28,6.283333
272,2020-09-29,8.070833
273,2020-09-30,8.541667
274,2020-10-01,14.625
275,2020-10-02,28.288235
276,2020-10-03,24.475
277,2020-10-04,21.516667
278,2020-10-05,31.270833
279,2020-10-06,30.1625
280,2020-10-07,10.6875
281,2020-10-08,19.480952
282,2020-10-09,38.95
283,2020-10-10,5.770833
284,2020-10-11,11.891667
285,2020-10-12,17.754167
286,2020-10-13,24.552174
287,2020-10-14,25.608333
288,2020-10-15,15.504167
289,2020-10-16,25.852941
290,2020-10-17,38.275
291,2020-10-18,55.416667
292,2020-10-19,42.008333
293,2020-10-20,19.525
294,2020-10-21,15.445833
295,2020-10-22,36.941667
296,2020-10-23,12.21
297,2020-10-24,11.425
298,2020-10-25,13.354167
299,2020-10-26,37.308333
300,2020-10-27,40.645833
301,2020-10-28,37.19375
302,2020-10-29,32.7125
303,2020-10-30,28.65
304,2020-10-31,27.2
305,2020-11-01,10.358333
306,2020-11-02,14.904167
307,2020-11-03,22.879167
308,2020-11-04,37.358333
309,2020-11-05,19.85
310,2020-11-06,42.680952
311,2020-11-07,44.383333
312,2020-11-08,64.983333
313,2020-11-09,110.5125
314,2020-11-10,27.216667
315,2020-11-11,17.691667
316,2020-11-12,25.1625
317,2020-11-13,42.452941
318,2020-11-14,24.8
319,2020-11-15,25.079167
320,2020-11-16,21.033333
321,2020-11-17,25.895833
322,2020-11-18,25.558333
323,2020-11-19,25.904167
324,2020-11-20,19.666667
325,2020-11-21,34.029167
326,2020-11-22,12.770833
327,2020-11-23,19.666667
328,2020-11-24,45.305882
329,2020-11-25,30.4375
330,2020-11-26,13.466667
331,2020-11-27,38.7
332,2020-11-28,25.6625
333,2020-11-29,29.770833
334,2020-11-30,28.558333
335,2020-12-01,10.95
336,2020-12-02,14.920833
337,2020-12-03,29.3
338,2020-12-04,26.704167
339,2020-12-05,24.078261
340,2020-12-06,11.4125
341,2020-12-07,38.541667
342,2020-12-08,28.529167
343,2020-12-09,32.266667
344,2020-12-10,45.333333
345,2020-12-11,80.8875
346,2020-12-12,68.175
347,2020-12-13,24.379167
348,2020-12-14,41.3375
349,2020-12-15,29.95
350,2020-12-16,30.325
351,2020-12-17,19.783333
352,2020-12-18,46.3
353,2020-12-19,66.895833
354,2020-12-20,67.691667
355,2020-12-21,93.208333
356,2020-12-22,37.908333
357,2020-12-23,33.91875
358,2020-12-24,5.47
359,2020-12-25,4.495833
360,2020-12-26,12.591667
361,2020-12-27,38.5125
362,2020-12-28,24.233333
363,2020-12-29,27.99375
364,2020-12-30,32.016667
365,2020-12-31,26.220833
366,2021-01-01,
367,2021-01-02,
368,2021-01-03,
369,2021-01-04,
370,2021-01-05,
371,2021-01-06,
372,2021-01-07,
373,2021-01-08,
374,2021-01-09,
375,2021-01-10,
376,2021-01-11,
377,2021-01-12,
378,2021-01-13,
379,2021-01-14,
380,2021-01-15,
381,2021-01-16,
382,2021-01-17,
383,2021-01-18,
384,2021-01-19,
385,2021-01-20,
386,2021-01-21,
387,2021-01-22,
388,2021-01-23,
389,2021-01-24,
390,2021-01-25,
391,2021-01-26,
392,2021-01-27,
393,2021-01-28,
394,2021-01-29,
395,2021-01-30,
396,2021-01-31,
397,2021-02-01,
398,2021-02-02,
399,2021-02-03,
400,2021-02-04,
401,2021-02-05,
402,2021-02-06,
403,2021-02-07,
404,2021-02-08,
405,2021-02-09,
406,2021-02-10,
407,2021-02-11,
408,2021-02-12,
409,2021-02-13,
410,2021-02-14,
411,2021-02-15,
412,2021-02-16,
413,2021-02-17,
414,2021-02-18,
415,2021-02-19,
416,2021-02-20,
417,2021-02-21,
418,2021-02-22,
419,2021-02-23,
420,2021-02-24,
421,2021-02-25,
422,2021-02-26,
423,2021-02-27,
424,2021-02-28,
425,2021-03-01,
426,2021-03-02,
427,2021-03-03,
428,2021-03-04,
429,2021-03-05,
430,2021-03-06,
431,2021-03-07,
432,2021-03-08,
433,2021-03-09,
434,2021-03-10,
435,2021-03-11,
436,2021-03-12,
437,2021-03-13,
438,2021-03-14,
439,2021-03-15,
440,2021-03-16,
441,2021-03-17,
442,2021-03-18,
443,2021-03-19,
444,2021-03-20,
445,2021-03-21,
446,2021-03-22,
447,2021-03-23,
448,2021-03-24,
449,2021-03-25,
450,2021-03-26,
451,2021-03-27,
452,2021-03-28,
453,2021-03-29,
454,2021-03-30,
455,2021-03-31,
456,2021-04-01,
457,2021-04-02,
458,2021-04-03,
459,2021-04-04,
460,2021-04-05,
461,2021-04-06,
462,2021-04-07,
463,2021-04-08,
464,2021-04-09,
465,2021-04-10,
466,2021-04-11,
467,2021-04-12,
468,2021-04-13,
469,2021-04-14,
470,2021-04-15,
471,2021-04-16,
472,2021-04-17,
473,2021-04-18,
474,2021-04-19,
475,2021-04-20,
476,2021-04-21,
477,2021-04-22,
478,2021-04-23,
479,2021-04-24,
480,2021-04-25,
481,2021-04-26,
482,2021-04-27,
483,2021-04-28,
484,2021-04-29,
485,2021-04-30,
486,2021-05-01,
487,2021-05-02,
488,2021-05-03,
489,2021-05-04,
490,2021-05-05,
491,2021-05-06,
492,2021-05-07,
493,2021-05-08,
494,2021-05-09,
495,2021-05-10,
496,2021-05-11,
497,2021-05-12,
498,2021-05-13,
499,2021-05-14,
500,2021-05-15,
501,2021-05-16,
502,2021-05-17,
503,2021-05-18,
504,2021-05-19,
505,2021-05-20,
506,2021-05-21,
507,2021-05-22,
508,2021-05-23,
509,2021-05-24,
510,2021-05-25,
511,2021-05-26,
512,2021-05-27,
513,2021-05-28,
514,2021-05-29,
515,2021-05-30,
516,2021-05-31,
517,2021-06-01,
518,2021-06-02,
519,2021-06-03,
520,2021-06-04,
521,2021-06-05,
522,2021-06-06,
523,2021-06-07,
524,2021-06-08,
525,2021-06-09,
526,2021-06-10,
527,2021-06-11,
528,2021-06-12,
529,2021-06-13,
530,2021-06-14,
531,2021-06-15,
532,2021-06-16,
533,2021-06-17,
534,2021-06-18,
535,2021-06-19,
536,2021-06-20,
537,2021-06-21,
538,2021-06-22,
539,2021-06-23,
540,2021-06-24,
541,2021-06-25,
542,2021-06-26,
543,2021-06-27,
544,2021-06-28,
545,2021-06-29,
546,2021-06-30,
547,2021-07-01,
548,2021-07-02,
549,2021-07-03,
550,2021-07-04,
551,2021-07-05,
552,2021-07-06,
553,2021-07-07,
554,2021-07-08,
555,2021-07-09,
556,2021-07-10,
557,2021-07-11,
558,2021-07-12,
559,2021-07-13,
560,2021-07-14,
561,2021-07-15,
562,2021-07-16,
563,2021-07-17,
564,2021-07-18,
565,2021-07-19,
566,2021-07-20,
567,2021-07-21,
568,2021-07-22,
569,2021-07-23,
570,2021-07-24,
571,2021-07-25,
572,2021-07-26,
573,2021-07-27,
574,2021-07-28,
575,2021-07-29,
576,2021-07-30,
577,2021-07-31,
578,2021-08-01,
579,2021-08-02,
580,2021-08-03,
581,2021-08-04,
582,2021-08-05,
583,2021-08-06,
584,2021-08-07,
585,2021-08-08,
586,2021-08-09,
587,2021-08-10,
588,2021-08-11,
589,2021-08-12,
590,2021-08-13,
591,2021-08-14,
592,2021-08-15,
593,2021-08-16,
594,2021-08-17,
595,2021-08-18,
596,2021-08-19,
597,2021-08-20,
598,2021-08-21,
599,2021-08-22,
600,2021-08-23,
601,2021-08-24,
602,2021-08-25,
603,2021-08-26,
604,2021-08-27,
605,2021-08-28,
606,2021-08-29,
607,2021-08-30,
608,2021-08-31,
609,2021-09-01,
610,2021-09-02,
611,2021-09-03,
612,2021-09-04,
613,2021-09-05,
614,2021-09-06,
615,2021-09-07,
616,2021-09-08,
617,2021-09-09,
618,2021-09-10,
619,2021-09-11,
620,2021-09-12,
621,2021-09-13,
622,2021-09-14,
623,2021-09-15,
624,2021-09-16,
625,2021-09-17,
626,2021-09-18,
627,2021-09-19,
628,2021-09-20,
629,2021-09-21,
630,2021-09-22,
631,2021-09-23,
632,2021-09-24,
633,2021-09-25,
634,2021-09-26,
635,2021-09-27,
636,2021-09-28,
637,2021-09-29,
638,2021-09-30,
639,2021-10-01,
640,2021-10-02,
641,2021-10-03,
642,2021-10-04,
643,2021-10-05,
644,2021-10-06,
645,2021-10-07,
646,2021-10-08,
647,2021-10-09,
648,2021-10-10,
649,2021-10-11,
650,2021-10-12,
651,2021-10-13,
652,2021-10-14,
653,2021-10-15,
654,2021-10-16,
655,2021-10-17,
656,2021-10-18,
657,2021-10-19,
658,2021-10-20,
659,2021-10-21,
660,2021-10-22,
661,2021-10-23,
662,2021-10-24,
663,2021-10-25,
664,2021-10-26,
665,2021-10-27,
666,2021-10-28,
667,2021-10-29,
668,2021-10-30,
669,2021-10-31,
670,2021-11-01,
671,2021-11-02,
672,2021-11-03,
673,2021-11-04,
674,2021-11-05,
675,2021-11-06,
676,2021-11-07,
677,2021-11-08,
678,2021-11-09,
679,2021-11-10,
680,2021-11-11,
681,2021-11-12,
682,2021-11-13,
683,2021-11-14,
684,2021-11-15,
685,2021-11-16,
686,2021-11-17,
687,2021-11-18,
688,2021-11-19,
689,2021-11-20,
690,2021-11-21,
691,2021-11-22,
692,2021-11-23,
693,2021-11-24,
694,2021-11-25,
695,2021-11-26,
696,2021-11-27,
697,2021-11-28,
698,2021-11-29,
699,2021-11-30,
700,2021-12-01,
701,2021-12-02,
702,2021-12-03,
703,2021-12-04,
704,2021-12-05,
705,2021-12-06,
706,2021-12-07,
707,2021-12-08,
708,2021-12-09,
709,2021-12-10,
710,2021-12-11,
711,2021-12-12,
712,2021-12-13,
713,2021-12-14,
714,2021-12-15,
715,2021-12-16,
716,2021-12-17,
717,2021-12-18,
718,2021-12-19,
719,2021-12-20,
720,2021-12-21,
721,2021-12-22,
722,2021-12-23,
723,2021-12-24,
724,2021-12-25,
725,2021-12-26,
726,2021-12-27,
727,2021-12-28,
728,2021-12-29,
729,2021-12-30,
730,2021-12-31,
731,2022-01-01,
732,2022-01-02,
733,2022-01-03,
734,2022-01-04,
735,2022-01-05,
736,2022-01-06,
737,2022-01-07,
738,2022-01-08,
739,2022-01-09,
740,2022-01-10,
741,2022-01-11,
742,2022-01-12,
743,2022-01-13,
744,2022-01-14,
745,2022-01-15,
746,2022-01-16,
747,2022-01-17,
748,2022-01-18,
749,2022-01-19,
750,2022-01-20,
751,2022-01-21,
752,2022-01-24,
753,2022-01-25,
754,2022-01-26,
755,2022-01-27,
756,2022-01-28,
757,2022-01-29,
758,2022-01-30,
759,2022-01-31,
760,2022-02-01,
761,2022-02-02,
762,2022-02-03,
763,2022-02-04,
764,2022-02-05,
765,2022-02-06,
766,2022-02-07,
767,2022-02-08,
768,2022-02-09,
769,2022-02-10,
770,2022-02-11,
771,2022-02-12,
772,2022-02-13,
773,2022-02-14,
774,2022-02-15,36.929167
775,2022-02-16,59.620833
776,2022-02-17,19.220833
777,2022-02-18,19.005
778,2022-02-19,21.613636
779,2022-02-20,14.591667
780,2022-02-21,34.054167
781,2022-02-22,60.204167
782,2022-02-23,28.072727
783,2022-02-24,35.475
784,2022-02-25,34.4375
785,2022-02-26,22.245833
786,2022-02-27,13.525
787,2022-02-28,38.025
788,2022-03-01,43.5
789,2022-03-02,30.1875
790,2022-03-03,25.209091
791,2022-03-04,35.433333
792,2022-03-05,58.158333
793,2022-03-06,26.870833
794,2022-03-07,21.870833
795,2022-03-08,29.341667
796,2022-03-09,53.916667
797,2022-03-10,57.075
798,2022-03-11,82.566667
799,2022-03-12,15.09
800,2022-03-13,13.258333
801,2022-03-14,27.375
802,2022-03-15,33.671429
803,2022-03-16,38.0625
804,2022-03-17,55.354167
805,2022-03-18,44.0625
806,2022-03-19,15.554167
807,2022-03-20,9.995833
808,2022-03-21,23.133333
809,2022-03-22,28.691667
810,2022-03-23,30.3875
811,2022-03-24,38.291667
812,2022-03-25,42.61875
813,2022-03-26,10.916667
814,2022-03-27,10.491667
815,2022-03-28,21.0625
816,2022-03-29,23.8125
817,2022-03-30,36.383333
818,2022-03-31,19.355
819,2022-04-01,18.683333
820,2022-04-02,13.666667
821,2022-04-03,20.5375
822,2022-04-04,27.733333
823,2022-04-05,61.2375
824,2022-04-06,36.408333
825,2022-04-07,25.244444
826,2022-04-08,19.991667
827,2022-04-09,19.8125
828,2022-04-10,11.229167
829,2022-04-11,24.9375
830,2022-04-12,37.241667
831,2022-04-13,51.15
832,2022-04-14,31.790476
833,2022-04-15,24.741667
834,2022-04-16,11.920833
835,2022-04-17,11.133333
836,2022-04-18,30.633333
837,2022-04-19,14.3125
838,2022-04-20,23.908333
839,2022-04-21,29.2875
840,2022-04-22,40.65
841,2022-04-23,22.0875
842,2022-04-24,13.579167
843,2022-04-25,27.98
844,2022-04-26,48.020833
845,2022-04-27,20.179167
846,2022-04-28,21.279167
847,2022-04-29,26.904167
848,2022-04-30,20.9625
849,2022-05-01,21.933333
850,2022-05-02,35.995833
851,2022-05-03,30.425
852,2022-05-04,46.633333
853,2022-05-05,28.75
854,2022-05-06,24.635294
855,2022-05-07,15.5125
856,2022-05-08,10.9
857,2022-05-09,24.7125
858,2022-05-10,26.683333
859,2022-05-11,32.913636
860,2022-05-12,31.354167
861,2022-05-13,35.85
862,2022-05-14,25.608333
863,2022-05-15,20.695833
864,2022-05-16,21.441667
865,2022-05-17,15.521053
866,2022-05-18,21.704167
867,2022-05-19,28.508333
868,2022-05-20,27.0375
869,2022-05-21,24.1125
870,2022-05-22,14.9875
871,2022-05-23,25.025
872,2022-05-24,30.823529
873,2022-05-25,6.788889
874,2022-05-26,12.142857
875,2022-05-27,9.8875
876,2022-05-28,14.891667
877,2022-05-29,14.470833
878,2022-05-30,14.316667
879,2022-05-31,21.541667
880,2022-06-01,22.408333
881,2022-06-02,22.358333
882,2022-06-03,31.616667
883,2022-06-04,34.329167
884,2022-06-05,11.995833
885,2022-06-06,30.654167
886,2022-06-07,7.295833
887,2022-06-08,12.595833
888,2022-06-09,11.55
889,2022-06-10,22.068182
890,2022-06-11,23.495833
891,2022-06-12,9.720833
892,2022-06-13,29.633333
893,2022-06-14,35.895833
894,2022-06-15,35.952941
895,2022-06-16,8.083333
896,2022-06-17,16.316667
897,2022-06-18,11.441667
898,2022-06-19,9.675
899,2022-06-20,27.85
900,2022-06-21,48.525
901,2022-06-22,10.481818
902,2022-06-23,36.466667
903,2022-06-24,
904,2022-06-25,
905,2022-06-26,13.26
906,2022-06-27,23.208333
907,2022-06-28,25.116667
908,2022-06-29,28.770833
909,2022-06-30,28.6375
910,2022-07-01,12.054167
911,2022-07-02,13.305263
912,2022-07-03,13.558333
913,2022-07-04,13.0
914,2022-07-05,12.622727
915,2022-07-06,19.470833
916,2022-07-07,19.629167
917,2022-07-08,23.715385
918,2022-07-09,13.326667
919,2022-07-10,11.241667
920,2022-07-11,11.304167
921,2022-07-12,7.44
922,2022-07-13,15.886667
923,2022-07-14,31.929167
924,2022-07-15,22.895652
925,2022-07-16,16.004167
926,2022-07-17,10.883333
927,2022-07-18,13.908333
928,2022-07-19,14.741667
929,2022-07-20,21.068421
930,2022-07-21,14.395833
931,2022-07-22,33.108333
932,2022-07-23,18.254167
933,2022-07-24,10.945833
934,2022-07-25,16.954167
935,2022-07-26,28.55
936,2022-07-27,33.320833
937,2022-07-28,15.168182
938,2022-07-29,26.766667
939,2022-07-30,17.295833
940,2022-07-31,14.075
941,2022-08-01,34.845833
942,2022-08-02,18.133333
943,2022-08-03,22.7625
944,2022-08-04,18.561538
945,2022-08-05,19.85
946,2022-08-06,10.9375
947,2022-08-07,6.633333
948,2022-08-08,11.745833
949,2022-08-09,18.116667
950,2022-08-10,23.495833
951,2022-08-11,30.833333
952,2022-08-12,29.4875
953,2022-08-13,16.383333
954,2022-08-14,18.304167
955,2022-08-15,29.841667
956,2022-08-16,26.828571
957,2022-08-17,36.290476
958,2022-08-18,31.566667
959,2022-08-19,25.495833
960,2022-08-20,19.5625
961,2022-08-21,9.108333
962,2022-08-22,24.070833
963,2022-08-23,22.065
964,2022-08-24,22.229167
965,2022-08-25,36.391667
966,2022-08-26,16.858333
967,2022-08-27,19.763158
968,2022-08-28,9.933333
969,2022-08-29,8.773684
970,2022-08-30,9.331579
971,2022-08-31,21.7125
972,2022-09-01,22.105556
973,2022-09-02,21.741667
974,2022-09-03,17.8875
975,2022-09-04,8.9625
976,2022-09-05,13.566667
977,2022-09-06,20.658333
978,2022-09-07,27.647619
979,2022-09-08,40.775
980,2022-09-09,34.491667
981,2022-09-10,30.291667
982,2022-09-11,18.141667
983,2022-09-12,30.716667
984,2022-09-13,25.175
985,2022-09-14,21.404167
986,2022-09-15,37.283333
987,2022-09-16,59.5
988,2022-09-17,16.7375
989,2022-09-18,7.9125
990,2022-09-19,24.75625
991,2022-09-20,31.15
992,2022-09-21,30.7875
993,2022-09-22,18.745833
994,2022-09-23,26.1375
995,2022-09-24,18.579167
996,2022-09-25,12.995833
997,2022-09-26,13.304167
998,2022-09-27,18.488889
999,2022-09-28,27.313636
1000,2022-09-29,27.270833
1001,2022-09-30,41.279167
1002,2022-10-01,20.766667
1003,2022-10-02,9.2125
1004,2022-10-03,26.020833
1005,2022-10-04,23.777273
1006,2022-10-05,35.8375
1007,2022-10-06,53.454167
1008,2022-10-07,43.040909
1009,2022-10-08,20.8875
1010,2022-10-09,23.154167
1011,2022-10-10,34.995833
1012,2022-10-11,45.481818
1013,2022-10-12,48.052381
1014,2022-10-13,15.043478
1015,2022-10-14,54.641667
1016,2022-10-15,55.9125
1017,2022-10-16,35.1125
1018,2022-10-17,35.0625
1019,2022-10-18,22.195455
1020,2022-10-19,22.854167
1021,2022-10-20,18.516667
1022,2022-10-21,60.25
1023,2022-10-22,63.308333
1024,2022-10-23,22.641667
1025,2022-10-24,37.316667
1026,2022-10-25,36.918182
1027,2022-10-26,35.185714
1028,2022-10-27,27.529167
1029,2022-10-28,48.727778
1030,2022-10-29,60.475
1031,2022-10-30,90.8
1032,2022-10-31,107.8
1033,2022-11-01,34.086364
1034,2022-11-02,73.979167
1035,2022-11-03,121.614286
1036,2022-11-04,71.05
1037,2022-11-05,21.508696
1038,2022-11-06,13.095833
1039,2022-11-07,22.189474
1040,2022-11-08,24.309091
1041,2022-11-09,48.480952
1042,2022-11-10,66.858333
1043,2022-11-11,41.720833
1044,2022-11-12,15.891667
1045,2022-11-13,14.233333
1046,2022-11-14,31.704167
1047,2022-11-15,51.261905
1048,2022-11-16,35.279167
1049,2022-11-17,25.908333
1050,2022-11-18,22.9375
1051,2022-11-19,26.916667
1052,2022-11-20,16.991667
1053,2022-11-21,34.191667
1054,2022-11-22,51.1
1055,2022-11-23,64.952632
1056,2022-11-24,56.6125
1057,2022-11-25,18.452632
1058,2022-11-26,19.55
1059,2022-11-27,21.6
1060,2022-11-28,26.895833
1061,2022-11-29,65.918182
1062,2022-11-30,136.2
1063,2022-12-01,33.141667
1064,2022-12-02,48.754545
1065,2022-12-03,16.970833
1066,2022-12-04,25.4625
1067,2022-12-05,141.95
1068,2022-12-06,68.466667
1069,2022-12-07,22.7125
1070,2022-12-08,32.291667
1071,2022-12-09,30.975
1072,2022-12-10,27.168421
1073,2022-12-11,18.204167
1074,2022-12-12,31.859091
1075,2022-12-13,42.5375
1076,2022-12-14,31.65
1077,2022-12-15,39.825
1078,2022-12-16,23.222727
1079,2022-12-17,16.120833
1080,2022-12-18,16.908333
1081,2022-12-19,24.05
1082,2022-12-20,36.066667
1083,2022-12-21,93.245833
1084,2022-12-22,101.720833
1085,2022-12-23,9.45
1086,2022-12-24,15.683333
1087,2022-12-25,17.216667
1088,2022-12-26,25.077273
1089,2022-12-27,33.633333
1090,2022-12-28,38.704167
1091,2022-12-29,60.0375
1092,2022-12-30,69.883333
1093,2022-12-31,59.8
1094,2023-01-01,29.558333
1095,2023-01-02,54.863636
1096,2023-01-03,63.336842
1097,2023-01-04,44.5
1098,2023-01-05,43.416667
1099,2023-01-06,40.0875
1100,2023-01-07,27.240909
1101,2023-01-08,23.404167
1102,2023-01-09,37.609091
1103,2023-01-10,39.254167
1104,2023-01-11,42.7375
1105,2023-01-12,50.891667
1106,2023-01-13,19.213636
1107,2023-01-14,14.358333
1108,2023-01-15,13.545833
1109,2023-01-16,28.618182
1110,2023-01-17,82.070588
1111,2023-01-18,42.620833
1112,2023-01-19,47.954167
1113,2023-01-20,38.170833
1114,2023-01-21,21.879167
1115,2023-01-22,17.0625
1116,2023-01-23,31.195455
1117,2023-01-24,21.195833
1118,2023-01-25,40.125
1119,2023-01-26,17.085714
1120,2023-01-27,28.25
1121,2023-01-28,24.158333
1122,2023-01-29,33.558333
1123,2023-01-30,54.590909
1124,2023-01-31,49.5
1125,2023-02-01,41.368421
1126,2023-02-02,45.791667
1127,2023-02-03,21.033333
1128,2023-02-04,19.908333
1129,2023-02-05,42.8875
1130,2023-02-06,63.504545
1131,2023-02-07,32.895455
1132,2023-02-08,44.133333
1133,2023-02-09,134.543478
1134,2023-02-10,23.321739
1135,2023-02-11,22.783333
1136,2023-02-12,53.8625
1137,2023-02-13,28.1375
1138,2023-02-14,27.640909
1139,2023-02-15,36.535714
1140,2023-02-16,59.215
1141,2023-02-17,26.575
1142,2023-02-18,17.066667
1143,2023-02-19,29.625
1144,2023-02-20,45.058333
1145,2023-02-21,36.786364
1146,2023-02-22,42.479167
1147,2023-02-23,32.704167
1148,2023-02-24,25.216667
1149,2023-02-25,24.308333
1150,2023-02-26,54.545833
1151,2023-02-27,26.729167
1152,2023-02-28,15.9
1153,2023-03-01,34.42
1154,2023-03-02,43.916667
1155,2023-03-03,38.815789
1156,2023-03-04,20.604167
1157,2023-03-05,14.195833
1158,2023-03-06,25.629167
1159,2023-03-07,22.595455
1160,2023-03-08,23.45
1161,2023-03-09,28.566667
1162,2023-03-10,33.05
1163,2023-03-11,19.9125
1164,2023-03-12,15.816667
1165,2023-03-13,37.641667
1166,2023-03-14,17.718182
1167,2023-03-15,19.265
1168,2023-03-16,37.25
1169,2023-03-17,28.808333
1170,2023-03-18,12.945833
1171,2023-03-19,11.6125
1172,2023-03-20,30.3
1173,2023-03-21,40.416667
1174,2023-03-22,24.677273
1175,2023-03-23,26.266667
1176,2023-03-24,38.058333
1177,2023-03-25,20.229167
1178,2023-03-26,18.0375
1179,2023-03-27,51.883333
1180,2023-03-28,35.929167
1181,2023-03-29,27.285714
1182,2023-03-30,25.475
1183,2023-03-31,122.4
1184,2023-04-01,15.0125
1185,2023-04-02,12.129167
1186,2023-04-03,34.491667
1187,2023-04-04,42.504167
1188,2023-04-05,31.213636
1189,2023-04-06,37.241667
1190,2023-04-07,20.291667
1191,2023-04-08,17.679167
1192,2023-04-09,27.6375
1193,2023-04-10,25.383333
1194,2023-04-11,22.631818
1195,2023-04-12,21.382353
1196,2023-04-13,27.431818
1197,2023-04-14,29.741667
1198,2023-04-15,16.0375
1199,2023-04-16,11.4125
1200,2023-04-17,24.508333
1201,2023-04-18,11.054167
1202,2023-04-19,21.85
1203,2023-04-20,29.579167
1204,2023-04-21,32.504167
1205,2023-04-22,13.225
1206,2023-04-23,13.9875
1207,2023-04-24,23.545833
1208,2023-04-25,33.970833
1209,2023-04-26,40.347368
1210,2023-04-27,15.345833
1211,2023-04-28,32.079167
1212,2023-04-29,15.2875
1213,2023-04-30,13.3
1214,2023-05-01,9.633333
1215,2023-05-02,13.691667
1216,2023-05-03,20.15
1217,2023-05-04,34.1875
1218,2023-05-05,38.879167
1219,2023-05-06,34.241667
1220,2023-05-07,17.175
1221,2023-05-08,26.35
1222,2023-05-09,28.51
1223,2023-05-10,46.4625
1224,2023-05-11,33.225
1225,2023-05-12,27.625
1226,2023-05-13,21.454167
1227,2023-05-14,11.029167
1228,2023-05-15,25.304167
1229,2023-05-16,12.85
1230,2023-05-17,19.468182
1231,2023-05-18,21.486364
1232,2023-05-19,7.845833
1233,2023-05-20,18.391667
1234,2023-05-21,17.1375
1235,2023-05-22,27.404167
1236,2023-05-23,23.5375
1237,2023-05-24,36.975
1238,2023-05-25,24.736364
1239,2023-05-26,16.9125
1240,2023-05-27,20.329167
1241,2023-05-28,12.479167
1242,2023-05-29,15.695833
1243,2023-05-30,20.7125
1244,2023-05-31,27.9
1245,2023-06-01,40.304167
1246,2023-06-02,36.504167
1247,2023-06-03,17.055
1248,2023-06-04,11.904167
1249,2023-06-05,26.570833
1250,2023-06-06,28.654167
1251,2023-06-07,29.194444
1252,2023-06-08,41.1125
1253,2023-06-09,26.633333
1254,2023-06-10,18.366667
1255,2023-06-11,17.55
1256,2023-06-12,8.2375
1257,2023-06-13,14.325
1258,2023-06-14,12.195455
1259,2023-06-15,16.220833
1260,2023-06-16,27.933333
1261,2023-06-17,16.7375
1262,2023-06-18,14.679167
1263,2023-06-19,19.266667
1264,2023-06-20,20.9
1265,2023-06-21,21.1
1266,2023-06-22,20.945833
1267,2023-06-23,11.7
1268,2023-06-24,13.958333
1269,2023-06-25,20.9
1270,2023-06-26,16.8375
1271,2023-06-27,14.875
1272,2023-06-28,25.608333
1273,2023-06-29,22.608696
1274,2023-06-30,23.195652
1275,2023-07-01,13.479167
1276,2023-07-02,8.841667
1277,2023-07-03,17.529167
1278,2023-07-04,18.520833
1279,2023-07-05,21.916667
1280,2023-07-06,16.9125
1281,2023-07-07,11.084211
1282,2023-07-08,12.5125
1283,2023-07-09,8.325
1284,2023-07-10,21.4125
1285,2023-07-11,24.925
1286,2023-07-12,24.316667
1287,2023-07-13,16.5125
1288,2023-07-14,20.166667
1289,2023-07-15,14.645833
1290,2023-07-16,11.7
1291,2023-07-17,20.504167
1292,2023-07-18,14.245833
1293,2023-07-19,19.733333
1294,2023-07-20,27.7
1295,2023-07-21,10.7625
1296,2023-07-22,19.095833
1297,2023-07-23,16.379167
1298,2023-07-24,11.575
1299,2023-07-25,17.258333
1300,2023-07-26,21.240909
1301,2023-07-27,11.070833
1302,2023-07-28,26.420833
1303,2023-07-29,9.366667
1304,2023-07-30,11.995833
1305,2023-07-31,33.5
1306,2023-08-01,25.745833
1307,2023-08-02,26.2
1308,2023-08-03,9.675
1309,2023-08-04,8.25
1310,2023-08-05,16.995833
1311,2023-08-06,11.55
1312,2023-08-07,7.483333
1313,2023-08-08,10.270833
1314,2023-08-09,15.227273
1315,2023-08-10,23.7625
1316,2023-08-11,19.920833
1317,2023-08-12,18.295833
1318,2023-08-13,12.516667
1319,2023-08-14,23.445833
1320,2023-08-15,25.175
1321,2023-08-16,19.570833
1322,2023-08-17,12.583333
1323,2023-08-18,13.621053
1324,2023-08-19,8.245833
1325,2023-08-20,17.2125
1326,2023-08-21,25.129167
1327,2023-08-22,20.020833
1328,2023-08-23,17.579167
1329,2023-08-24,8.608333
1330,2023-08-25,12.631818
1331,2023-08-26,29.1
1332,2023-08-27,11.7875
1333,2023-08-28,17.366667
1334,2023-08-29,24.079167
1335,2023-08-30,15.6375
1336,2023-08-31,10.7
1337,2023-09-01,18.645833
1338,2023-09-02,13.004167
1339,2023-09-03,14.9
1340,2023-09-04,25.958333
1341,2023-09-05,33.333333
1342,2023-09-06,45.9
1343,2023-09-07,45.731579
1344,2023-09-08,24.958333
1345,2023-09-09,10.770833
1346,2023-09-10,19.795833
1347,2023-09-11,28.041667
1348,2023-09-12,24.833333
1349,2023-09-13,20.558824
1350,2023-09-14,24.916667
1351,2023-09-15,19.588889
1352,2023-09-16,14.579167
1353,2023-09-17,16.766667
1354,2023-09-18,31.179167
1355,2023-09-19,16.895833
1356,2023-09-20,29.847368
1357,2023-09-21,33.504167
1358,2023-09-22,26.954167
1359,2023-09-23,9.708333
1360,2023-09-24,7.958333
1361,2023-09-25,15.841667
1362,2023-09-26,26.895833
1363,2023-09-27,30.104167
1364,2023-09-28,28.977273
1365,2023-09-29,21.75
1366,2023-09-30,7.6
1367,2023-10-01,19.233333
1368,2023-10-02,31.5875
1369,2023-10-03,43.158333
1370,2023-10-04,47.315789
1371,2023-10-05,20.859091
1372,2023-10-06,18.0625
1373,2023-10-07,14.2375
1374,2023-10-08,6.575
1375,2023-10-09,15.504167
1376,2023-10-10,29.804167
1377,2023-10-11,63.845833
1378,2023-10-12,69.755556
1379,2023-10-13,35.870833
1380,2023-10-14,27.1375
1381,2023-10-15,10.954167
1382,2023-10-16,33.1375
1383,2023-10-17,52.670833
1384,2023-10-18,55.010526
1385,2023-10-19,28.83913
1386,2023-10-20,14.133333
1387,2023-10-21,18.345833
1388,2023-10-22,9.5625
1389,2023-10-23,37.529167
1390,2023-10-24,54.085714
1391,2023-10-25,31.366667
1392,2023-10-26,48.778261
1393,2023-10-27,42.482353
1394,2023-10-28,21.05
1395,2023-10-29,14.125
1396,2023-10-30,40.441667
1397,2023-10-31,12.9
1398,2023-11-01,34.715789
1399,2023-11-02,34.707143
1400,2023-11-03,22.7875
1401,2023-11-04,33.108333
1402,2023-11-05,57.016667
1403,2023-11-06,25.970833
1404,2023-11-07,21.491667
1405,2023-11-08,28.3625
1406,2023-11-09,63.8
1407,2023-11-10,25.6125
1408,2023-11-11,26.879167
1409,2023-11-12,22.091667
1410,2023-11-13,49.854167
1411,2023-11-14,34.741667
1412,2023-11-15,51.378947
1413,2023-11-16,52.870588
1414,2023-11-17,37.159091
1415,2023-11-18,20.725
1416,2023-11-19,21.783333
1417,2023-11-20,32.9125
1418,2023-11-21,32.791667
1419,2023-11-22,34.304167
1420,2023-11-23,16.581818
1421,2023-11-24,16.841667
1422,2023-11-25,39.895833
1423,2023-11-26,65.645833
1424,2023-11-27,21.025
1425,2023-11-28,17.75
1426,2023-11-29,28.244444
1427,2023-11-30,21.2
1428,2023-12-01,44.616667
1429,2023-12-02,43.35
1430,2023-12-03,22.375
1431,2023-12-04,22.629167
1432,2023-12-05,32.433333
1433,2023-12-06,36.45
1434,2023-12-07,35.531818
1435,2023-12-08,111.4
1436,2023-12-09,82.4125
1437,2023-12-10,18.091667
1438,2023-12-11,19.308333
1439,2023-12-12,22.533333
1440,2023-12-13,26.927778
1441,2023-12-14,32.829167
1442,2023-12-15,44.6125
1443,2023-12-16,37.008333
1444,2023-12-17,16.291667
1445,2023-12-18,9.395833
1446,2023-12-19,19.783333
1447,2023-12-20,36.916667
1448,2023-12-21,31.990909
1449,2023-12-22,77.458333
1450,2023-12-23,75.820833
1451,2023-12-24,57.5625
1452,2023-12-25,27.366667
1453,2023-12-26,42.216667
1454,2023-12-27,44.761111
1455,2023-12-28,27.108333
1456,2023-12-29,25.8125
1457,2023-12-30,18.7875
1458,2023-12-31,13.983333
1459,2024-01-01,22.720833
1460,2024-01-02,35.017391
1461,2024-01-03,33.458333
1462,2024-01-04,27.522727
1463,2024-01-05,29.066667
1464,2024-01-06,63.608333
1465,2024-01-07,16.095833
1466,2024-01-08,42.491667
1467,2024-01-09,79.3375
1468,2024-01-10,12.342105
1469,2024-01-11,17.695833
1470,2024-01-12,30.6375
1471,2024-01-13,6.875
1472,2024-01-14,10.591667
1473,2024-01-15,27.6125
1474,2024-01-16,36.9125
1475,2024-01-17,22.3625
1476,2024-01-18,42.878261
1477,2024-01-19,51.529167
1478,2024-01-20,14.625
1479,2024-01-21,13.966667
1480,2024-01-22,39.6
1481,2024-01-23,62.75
1482,2024-01-24,58.4
1483,2024-01-25,54.404167
1484,2024-01-26,36.466667
1485,2024-01-27,32.033333
1486,2024-01-28,14.7125
1487,2024-01-29,26.166667
1488,2024-01-30,31.766667
1489,2024-01-31,26.4375
1490,2024-02-01,42.617391
1491,2024-02-02,41.691667
1492,2024-02-03,18.758333
1493,2024-02-04,25.483333
1494,2024-02-05,29.441667
1495,2024-02-06,36.770833
1496,2024-02-07,60.783333
1497,2024-02-08,90.1625
1498,2024-02-09,26.2875
1499,2024-02-10,66.404167
1500,2024-02-11,23.808333
1501,2024-02-12,40.695833
1502,2024-02-13,24.383333
1503,2024-02-14,18.491667
1504,2024-02-15,26.004348
1505,2024-02-16,25.729167
1506,2024-02-17,24.908333
1507,2024-02-18,15.95
1508,2024-02-19,24.008333
1509,2024-02-20,35.529167
1510,2024-02-21,31.973684
1511,2024-02-22,11.75
1512,2024-02-23,59.054167
1513,2024-02-24,19.429167
1514,2024-02-25,19.854167
1515,2024-02-26,33.229167
1516,2024-02-27,65.566667
1517,2024-02-28,12.191667
1518,2024-02-29,18.386957
1519,2024-03-01,21.445833
1520,2024-03-02,23.695833
1521,2024-03-03,21.483333
1522,2024-03-04,26.991667
1523,2024-03-05,38.825
1524,2024-03-06,37.952632
1525,2024-03-07,26.525
1526,2024-03-08,24.770833
1527,2024-03-09,9.5375
1528,2024-03-10,11.683333
1529,2024-03-11,13.24375
1530,2024-03-12,33.466667
1531,2024-03-13,64.041667
1532,2024-03-14,47.182609
1533,2024-03-15,27.745833
1534,2024-03-16,18.441667
1535,2024-03-17,13.625
1536,2024-03-18,17.404167
1537,2024-03-19,15.991667
1538,2024-03-20,22.289474
1539,2024-03-21,17.583333
1540,2024-03-22,25.25
1541,2024-03-23,21.570833
1542,2024-03-24,12.195833
1543,2024-03-25,25.195833
1544,2024-03-26,24.479167
1545,2024-03-27,63.675
1546,2024-03-28,61.208696
1547,2024-03-29,17.241667
1548,2024-03-30,11.279167
1549,2024-03-31,15.845833
1550,2024-04-01,53.154167
1551,2024-04-02,53.954167
1552,2024-04-03,16.847368
1553,2024-04-04,26.120833
1554,2024-04-05,22.208333
1555,2024-04-06,15.625
1556,2024-04-07,13.208333
1557,2024-04-08,49.420833
1558,2024-04-09,49.116667
1559,2024-04-10,21.790476
1560,2024-04-11,21.221739
1561,2024-04-12,6.254167
1562,2024-04-13,6.725
1563,2024-04-14,11.420833
1564,2024-04-15,20.641667
1565,2024-04-16,25.941667
1566,2024-04-17,25.184211
1567,2024-04-18,23.929167
1568,2024-04-19,24.826667
1569,2024-04-20,14.520833
1570,2024-04-21,13.45
1571,2024-04-22,21.85
1572,2024-04-23,22.0
1573,2024-04-24,16.058333
1574,2024-04-25,18.269565
1575,2024-04-26,44.983333
1576,2024-04-27,14.933333
1577,2024-04-28,23.083333
1578,2024-04-29,39.363158
1579,2024-04-30,23.05
1580,2024-05-01,20.9625
1581,2024-05-02,17.145833
1582,2024-05-03,20.891667
1583,2024-05-04,11.491667
1584,2024-05-05,10.175
1585,2024-05-06,38.983333
1586,2024-05-07,30.370833
1587,2024-05-08,17.9125
1588,2024-05-09,21.76087
1589,2024-05-10,26.075
1590,2024-05-11,18.275
1591,2024-05-12,8.670833
1592,2024-05-13,20.995833
1593,2024-05-14,15.95
1594,2024-05-15,16.872727
1595,2024-05-16,18.7375
1596,2024-05-17,22.408333
1597,2024-05-18,24.075
1598,2024-05-19,11.629167
1599,2024-05-20,28.658333
1600,2024-05-21,20.433333
1601,2024-05-22,14.254545
1602,2024-05-23,24.143478
1603,2024-05-24,27.75
1604,2024-05-25,19.991667
1605,2024-05-26,11.516667
1606,2024-05-27,9.125
1607,2024-05-28,16.275
1608,2024-05-29,19.045
1609,2024-05-30,26.85
1610,2024-05-31,24.9875
1611,2024-06-01,16.720833
1612,2024-06-02,16.229167
1613,2024-06-03,25.058333
1614,2024-06-04,22.9125
1615,2024-06-05,9.830435
1616,2024-06-06,19.7625
1617,2024-06-07,29.704348
1618,2024-06-08,10.754167
1619,2024-06-09,13.7875
1620,2024-06-10,19.116667
1621,2024-06-11,25.933333
1622,2024-06-12,
1623,2024-06-13,
1624,2024-06-14,
1625,2024-06-15,
1626,2024-06-16,
1627,2024-06-17,
1628,2024-06-18,
1629,2024-06-19,
1630,2024-06-20,
1631,2024-06-21,
1632,2024-06-22,21.345833
1633,2024-06-23,13.0125
1634,2024-06-24,12.520833
1635,2024-06-25,18.591667
1636,2024-06-26,15.265
1637,2024-06-27,17.408333
1638,2024-06-28,17.629167
1639,2024-06-29,8.108333
1640,2024-06-30,28.0
1641,2024-07-01,18.275
1642,2024-07-02,20.870833
1643,2024-07-03,20.221739
1644,2024-07-04,10.0875
1645,2024-07-05,15.895833
1646,2024-07-06,16.870833
1647,2024-07-07,16.958333
1648,2024-07-08,25.1125
1649,2024-07-09,14.15
1650,2024-07-10,7.425
1651,2024-07-11,11.2875
1652,2024-07-12,12.595833
1653,2024-07-13,15.983333
1654,2024-07-14,13.579167
1655,2024-07-15,11.195833
1656,2024-07-16,16.4375
1657,2024-07-17,15.682609
1658,2024-07-18,23.95
1659,2024-07-19,19.71875
1660,2024-07-20,12.829167
1661,2024-07-21,11.979167
1662,2024-07-22,13.5
1663,2024-07-23,26.504167
1664,2024-07-24,18.666667
1665,2024-07-25,19.491667
1666,2024-07-26,23.908333
1667,2024-07-27,22.108333
1668,2024-07-28,12.325
1669,2024-07-29,9.870833
1670,2024-07-30,8.0
1671,2024-07-31,12.421739
1672,2024-08-01,26.975
1673,2024-08-02,21.795833
1674,2024-08-03,14.854545
1675,2024-08-04,9.7875
1676,2024-08-05,28.326316
1677,2024-08-06,12.584615
1678,2024-08-07,20.925
1679,2024-08-08,24.758333
1680,2024-08-09,5.395833
1681,2024-08-10,9.591667
1682,2024-08-11,10.425
1683,2024-08-12,19.758333
1684,2024-08-13,27.016667
1685,2024-08-14,35.034783
1686,2024-08-15,29.383333
1687,2024-08-16,23.658333
1688,2024-08-17,7.7875
1689,2024-08-18,8.545833
1690,2024-08-19,25.25
1691,2024-08-20,17.116667
1692,2024-08-21,16.93
1693,2024-08-22,20.2625
1694,2024-08-23,25.5375
1695,2024-08-24,33.566667
1696,2024-08-25,18.145833
1697,2024-08-26,21.329167
1698,2024-08-27,22.516667
1699,2024-08-28,18.6
1700,2024-08-29,16.775
1701,2024-08-30,18.5625
1702,2024-08-31,13.570833
1703,2024-09-01,12.491667
1704,2024-09-02,10.85
1705,2024-09-03,22.941667
1706,2024-09-04,34.54
1707,2024-09-05,36.1125
1708,2024-09-06,21.066667
1709,2024-09-07,10.604167
1710,2024-09-08,8.716667
1711,2024-09-09,18.0
1712,2024-09-10,30.895833
1713,2024-09-11,30.569565
1714,2024-09-12,46.258333
1715,2024-09-13,42.6875
1716,2024-09-14,20.55
1717,2024-09-15,14.033333
1718,2024-09-16,28.65
1719,2024-09-17,28.2375
1720,2024-09-18,25.605
1721,2024-09-19,28.6625
1722,2024-09-20,20.704167
1723,2024-09-21,13.1375
1724,2024-09-22,10.016667
1725,2024-09-23,22.541667
1726,2024-09-24,23.383333
1727,2024-09-25,23.086364
1728,2024-09-26,17.208333
1729,2024-09-27,28.1875
1730,2024-09-28,16.241667
1731,2024-09-29,15.775
1732,2024-09-30,28.391667
1733,2024-10-01,29.016667
1734,2024-10-02,21.66
1735,2024-10-03,22.43125
1736,2024-10-04,23.691667
1737,2024-10-05,20.7875
1738,2024-10-06,14.654167
1739,2024-10-07,15.275
1740,2024-10-08,24.758333
1741,2024-10-09,30.430435
1742,2024-10-10,20.920833
1743,2024-10-11,25.3375
1744,2024-10-12,20.441667
1745,2024-10-13,14.6625
1746,2024-10-14,17.6375
1747,2024-10-15,19.7375
1748,2024-10-16,23.76
1749,2024-10-17,30.541667
1750,2024-10-18,45.816667
1751,2024-10-19,49.6625
1752,2024-10-20,43.645833
1753,2024-10-21,79.304167
1754,2024-10-22,74.847826
1755,2024-10-23,16.543478
1756,2024-10-24,24.670833
1757,2024-10-25,27.8875
1758,2024-10-26,20.483333
1759,2024-10-27,15.6375
1760,2024-10-28,61.270833
1761,2024-10-29,24.183333
1762,2024-10-30,34.085
1763,2024-10-31,35.778947
1764,2024-11-01,14.617647
1765,2024-11-02,16.541667
1766,2024-11-03,28.116667
1767,2024-11-04,55.383333
1768,2024-11-05,27.083333
1769,2024-11-06,19.3
1770,2024-11-07,23.761111
1771,2024-11-08,24.620833
1772,2024-11-09,22.704167
1773,2024-11-10,44.683333
1774,2024-11-11,11.858333
1775,2024-11-12,19.370833
1776,2024-11-13,42.65
1777,2024-11-14,52.4125
1778,2024-11-15,43.245833
1779,2024-11-16,17.3625
1780,2024-11-17,37.945833
1781,2024-11-18,38.436364
1782,2024-11-19,
1783,2024-11-20,
1784,2024-11-21,
1785,2024-11-22,
1786,2024-11-23,
1787,2024-11-24,
1788,2024-11-25,
1789,2024-11-26,
1790,2024-11-27,
1791,2024-11-28,
1792,2024-11-29,
1793,2024-11-30,
1794,2024-12-01,
1795,2024-12-02,
1796,2024-12-03,22.45
1797,2024-12-04,41.463158
1798,2024-12-05,18.729167
1799,2024-12-06,20.729167
1800,2024-12-07,19.129167
1801,2024-12-08,24.925
1802,2024-12-09,112.958333
1803,2024-12-10,48.483333
1804,2024-12-11,10.478261
1805,2024-12-12,15.233333
1806,2024-12-13,29.979167
1807,2024-12-14,40.6625
1808,2024-12-15,51.958333
1809,2024-12-16,38.75
1810,2024-12-17,24.595833
1811,2024-12-18,60.75
1812,2024-12-19,30.158333
1813,2024-12-20,34.141667
1814,2024-12-21,18.733333
1815,2024-12-22,17.791667
1816,2024-12-23,51.9875
1817,2024-12-24,38.358333
1818,2024-12-25,26.704348
1819,2024-12-26,58.766667
1820,2024-12-27,109.070833
1821,2024-12-28,93.954167
1822,2024-12-29,51.208333
1823,2024-12-30,15.079167
1824,2024-12-31,32.458333
