date,volume,traff_imputed
2020-01-01,153968.0,1
2020-01-02,153968.0,1
2020-01-03,153968.0,1
2020-01-04,153968.0,1
2020-01-05,153968.0,1
2020-01-06,153968.0,1
2020-01-07,153968.0,1
2020-01-08,153968.0,1
2020-01-09,153968.0,1
2020-01-10,153968.0,1
2020-01-11,153968.0,1
2020-01-12,153968.0,1
2020-01-13,153968.0,1
2020-01-14,153968.0,1
2020-01-15,153968.0,1
2020-01-16,153968.0,1
2020-01-17,153968.0,1
2020-01-18,153968.0,1
2020-01-19,153968.0,1
2020-01-20,153968.0,1
2020-01-21,153968.0,1
2020-01-22,153968.0,1
2020-01-23,153968.0,1
2020-01-24,153968.0,1
2020-01-25,153968.0,1
2020-01-26,153968.0,1
2020-01-27,153968.0,1
2020-01-28,153968.0,1
2020-01-29,153968.0,1
2020-01-30,153968.0,1
2020-01-31,153968.0,1
2020-02-01,153968.0,1
2020-02-02,153968.0,1
2020-02-03,153968.0,1
2020-02-04,153968.0,1
2020-02-05,153968.0,1
2020-02-06,153968.0,1
2020-02-07,153968.0,1
2020-02-08,153968.0,1
2020-02-09,153968.0,1
2020-02-10,153968.0,1
2020-02-11,153968.0,1
2020-02-12,153968.0,1
2020-02-13,153968.0,1
2020-02-14,153968.0,1
2020-02-15,153968.0,1
2020-02-16,153968.0,1
2020-02-17,153968.0,1
2020-02-18,153968.0,1
2020-02-19,153968.0,1
2020-02-20,153968.0,1
2020-02-21,153968.0,1
2020-02-22,153968.0,1
2020-02-23,153968.0,1
2020-02-24,153968.0,1
2020-02-25,153968.0,1
2020-02-26,153968.0,1
2020-02-27,153968.0,1
2020-02-28,153968.0,1
2020-02-29,153968.0,1
2020-03-01,153968.0,1
2020-03-02,153968.0,1
2020-03-03,153968.0,1
2020-03-04,153968.0,1
2020-03-05,153968.0,1
2020-03-06,153968.0,1
2020-03-07,153968.0,1
2020-03-08,153968.0,1
2020-03-09,153968.0,1
2020-03-10,153968.0,1
2020-03-11,153968.0,1
2020-03-12,153968.0,1
2020-03-13,153968.0,1
2020-03-14,153968.0,1
2020-03-15,153968.0,1
2020-03-16,153968.0,1
2020-03-17,153968.0,1
2020-03-18,153968.0,1
2020-03-19,153968.0,1
2020-03-20,153968.0,1
2020-03-21,153968.0,1
2020-03-22,153968.0,1
2020-03-23,153968.0,1
2020-03-24,153968.0,1
2020-03-25,153968.0,1
2020-03-26,153968.0,1
2020-03-27,153968.0,1
2020-03-28,153968.0,1
2020-03-29,153968.0,1
2020-03-30,153968.0,1
2020-03-31,153968.0,1
2020-04-01,153968.0,1
2020-04-02,153968.0,1
2020-04-03,153968.0,1
2020-04-04,153968.0,1
2020-04-05,153968.0,1
2020-04-06,153968.0,1
2020-04-07,153968.0,1
2020-04-08,153968.0,1
2020-04-09,153968.0,1
2020-04-10,153968.0,1
2020-04-11,153968.0,1
2020-04-12,153968.0,1
2020-04-13,153968.0,1
2020-04-14,153968.0,1
2020-04-15,153968.0,1
2020-04-16,153968.0,1
2020-04-17,153968.0,1
2020-04-18,153968.0,1
2020-04-19,153968.0,1
2020-04-20,153968.0,1
2020-04-21,153968.0,1
2020-04-22,153968.0,1
2020-04-23,153968.0,1
2020-04-24,153968.0,1
2020-04-25,153968.0,1
2020-04-26,153968.0,1
2020-04-27,153968.0,1
2020-04-28,153968.0,1
2020-04-29,153968.0,1
2020-04-30,153968.0,1
2020-05-01,153968.0,1
2020-05-02,153968.0,1
2020-05-03,153968.0,1
2020-05-04,153968.0,1
2020-05-05,153968.0,1
2020-05-06,153968.0,1
2020-05-07,153968.0,1
2020-05-08,153968.0,1
2020-05-09,153968.0,1
2020-05-10,153968.0,1
2020-05-11,153968.0,1
2020-05-12,153968.0,1
2020-05-13,153968.0,1
2020-05-14,153968.0,1
2020-05-15,153968.0,1
2020-05-16,153968.0,1
2020-05-17,153968.0,1
2020-05-18,153968.0,1
2020-05-19,153968.0,1
2020-05-20,153968.0,1
2020-05-21,153968.0,1
2020-05-22,153968.0,1
2020-05-23,153968.0,1
2020-05-24,153968.0,1
2020-05-25,153968.0,1
2020-05-26,153968.0,1
2020-05-27,153968.0,1
2020-05-28,153968.0,1
2020-05-29,153968.0,1
2020-05-30,153968.0,1
2020-05-31,153968.0,1
2020-06-01,153968.0,1
2020-06-02,153968.0,1
2020-06-03,153968.0,1
2020-06-04,153968.0,1
2020-06-05,153968.0,1
2020-06-06,153968.0,1
2020-06-07,153968.0,1
2020-06-08,153968.0,1
2020-06-09,153968.0,1
2020-06-10,153968.0,1
2020-06-11,153968.0,1
2020-06-12,153968.0,1
2020-06-13,153968.0,1
2020-06-14,153968.0,1
2020-06-15,153968.0,1
2020-06-16,153968.0,1
2020-06-17,153968.0,1
2020-06-18,153968.0,1
2020-06-19,153968.0,1
2020-06-20,153968.0,1
2020-06-21,153968.0,1
2020-06-22,153968.0,1
2020-06-23,153968.0,1
2020-06-24,153968.0,1
2020-06-25,153968.0,1
2020-06-26,153968.0,1
2020-06-27,153968.0,1
2020-06-28,153968.0,1
2020-06-29,153968.0,1
2020-06-30,153968.0,1
2020-07-01,153968.0,1
2020-07-02,153968.0,1
2020-07-03,153968.0,1
2020-07-04,153968.0,1
2020-07-05,153968.0,1
2020-07-06,153968.0,1
2020-07-07,153968.0,1
2020-07-08,153968.0,1
2020-07-09,153968.0,1
2020-07-10,153968.0,1
2020-07-11,153968.0,1
2020-07-12,153968.0,1
2020-07-13,153968.0,1
2020-07-14,153968.0,1
2020-07-15,153968.0,1
2020-07-16,153968.0,1
2020-07-17,153968.0,1
2020-07-18,153968.0,1
2020-07-19,153968.0,1
2020-07-20,153968.0,1
2020-07-21,153968.0,1
2020-07-22,153968.0,1
2020-07-23,153968.0,1
2020-07-24,153968.0,1
2020-07-25,153968.0,1
2020-07-26,153968.0,1
2020-07-27,153968.0,1
2020-07-28,153968.0,1
2020-07-29,153968.0,1
2020-07-30,153968.0,1
2020-07-31,153968.0,1
2020-08-01,153968.0,1
2020-08-02,153968.0,1
2020-08-03,153968.0,1
2020-08-04,153968.0,1
2020-08-05,153968.0,1
2020-08-06,153968.0,1
2020-08-07,153968.0,1
2020-08-08,153968.0,1
2020-08-09,153968.0,1
2020-08-10,153968.0,1
2020-08-11,153968.0,1
2020-08-12,153968.0,1
2020-08-13,153968.0,1
2020-08-14,153968.0,1
2020-08-15,153968.0,1
2020-08-16,153968.0,1
2020-08-17,153968.0,1
2020-08-18,153968.0,1
2020-08-19,153968.0,1
2020-08-20,153968.0,1
2020-08-21,153968.0,1
2020-08-22,153968.0,1
2020-08-23,153968.0,1
2020-08-24,153968.0,1
2020-08-25,153968.0,1
2020-08-26,153968.0,1
2020-08-27,153968.0,1
2020-08-28,153968.0,1
2020-08-29,153968.0,1
2020-08-30,153968.0,1
2020-08-31,153968.0,1
2020-09-01,153968.0,1
2020-09-02,153968.0,1
2020-09-03,153968.0,1
2020-09-04,153968.0,1
2020-09-05,153968.0,1
2020-09-06,153968.0,1
2020-09-07,153968.0,1
2020-09-08,153968.0,1
2020-09-09,153968.0,1
2020-09-10,153968.0,1
2020-09-11,153968.0,1
2020-09-12,153968.0,1
2020-09-13,153968.0,1
2020-09-14,153968.0,1
2020-09-15,153968.0,1
2020-09-16,153968.0,1
2020-09-17,153968.0,1
2020-09-18,153968.0,1
2020-09-19,153968.0,1
2020-09-20,153968.0,1
2020-09-21,153968.0,1
2020-09-22,153968.0,1
2020-09-23,153968.0,1
2020-09-24,153968.0,1
2020-09-25,153968.0,1
2020-09-26,153968.0,1
2020-09-27,153968.0,1
2020-09-28,153968.0,1
2020-09-29,153968.0,1
2020-09-30,153968.0,1
2020-10-01,153968.0,1
2020-10-02,153968.0,1
2020-10-03,153968.0,1
2020-10-04,153968.0,1
2020-10-05,153968.0,1
2020-10-06,153968.0,1
2020-10-07,153968.0,1
2020-10-08,153968.0,1
2020-10-09,153968.0,1
2020-10-10,153968.0,1
2020-10-11,153968.0,1
2020-10-12,153968.0,1
2020-10-13,153968.0,1
2020-10-14,153968.0,1
2020-10-15,153968.0,1
2020-10-16,153968.0,1
2020-10-17,153968.0,1
2020-10-18,153968.0,1
2020-10-19,153968.0,1
2020-10-20,153968.0,1
2020-10-21,153968.0,1
2020-10-22,153968.0,1
2020-10-23,153968.0,1
2020-10-24,153968.0,1
2020-10-25,153968.0,1
2020-10-26,153968.0,1
2020-10-27,153968.0,1
2020-10-28,153968.0,1
2020-10-29,153968.0,1
2020-10-30,153968.0,1
2020-10-31,153968.0,1
2020-11-01,153968.0,1
2020-11-02,153968.0,1
2020-11-03,153968.0,1
2020-11-04,153968.0,1
2020-11-05,153968.0,1
2020-11-06,153968.0,1
2020-11-07,153968.0,1
2020-11-08,153968.0,1
2020-11-09,153968.0,1
2020-11-10,153968.0,1
2020-11-11,153968.0,1
2020-11-12,153968.0,1
2020-11-13,153968.0,1
2020-11-14,153968.0,1
2020-11-15,153968.0,1
2020-11-16,153968.0,1
2020-11-17,153968.0,1
2020-11-18,153968.0,1
2020-11-19,153968.0,1
2020-11-20,153968.0,1
2020-11-21,153968.0,1
2020-11-22,153968.0,1
2020-11-23,153968.0,1
2020-11-24,153968.0,1
2020-11-25,153968.0,1
2020-11-26,153968.0,1
2020-11-27,153968.0,1
2020-11-28,153968.0,1
2020-11-29,153968.0,1
2020-11-30,153968.0,1
2020-12-01,153968.0,1
2020-12-02,153968.0,1
2020-12-03,153968.0,1
2020-12-04,153968.0,1
2020-12-05,153968.0,1
2020-12-06,153968.0,1
2020-12-07,153968.0,1
2020-12-08,153968.0,1
2020-12-09,153968.0,1
2020-12-10,153968.0,1
2020-12-11,153968.0,1
2020-12-12,153968.0,1
2020-12-13,153968.0,1
2020-12-14,153968.0,1
2020-12-15,153968.0,1
2020-12-16,153968.0,1
2020-12-17,153968.0,1
2020-12-18,153968.0,1
2020-12-19,153968.0,1
2020-12-20,153968.0,1
2020-12-21,153968.0,1
2020-12-22,153968.0,1
2020-12-23,153968.0,1
2020-12-24,153968.0,1
2020-12-25,153968.0,1
2020-12-26,153968.0,1
2020-12-27,153968.0,1
2020-12-28,153968.0,1
2020-12-29,153968.0,1
2020-12-30,153968.0,1
2020-12-31,153968.0,1
2021-01-01,165384.0,1
2021-01-02,165384.0,1
2021-01-03,165384.0,1
2021-01-04,165384.0,1
2021-01-05,165384.0,1
2021-01-06,165384.0,1
2021-01-07,165384.0,1
2021-01-08,165384.0,1
2021-01-09,165384.0,1
2021-01-10,165384.0,1
2021-01-11,165384.0,1
2021-01-12,165384.0,1
2021-01-13,165384.0,1
2021-01-14,165384.0,1
2021-01-15,165384.0,1
2021-01-16,165384.0,1
2021-01-17,165384.0,1
2021-01-18,165384.0,1
2021-01-19,165384.0,1
2021-01-20,165384.0,1
2021-01-21,165384.0,1
2021-01-22,165384.0,1
2021-01-23,165384.0,1
2021-01-24,165384.0,1
2021-01-25,165384.0,1
2021-01-26,165384.0,1
2021-01-27,165384.0,1
2021-01-28,165384.0,1
2021-01-29,165384.0,1
2021-01-30,165384.0,1
2021-01-31,165384.0,1
2021-02-01,165384.0,1
2021-02-02,165384.0,1
2021-02-03,165384.0,1
2021-02-04,165384.0,1
2021-02-05,165384.0,1
2021-02-06,165384.0,1
2021-02-07,165384.0,1
2021-02-08,165384.0,1
2021-02-09,165384.0,1
2021-02-10,165384.0,1
2021-02-11,165384.0,1
2021-02-12,165384.0,1
2021-02-13,165384.0,1
2021-02-14,165384.0,1
2021-02-15,165384.0,1
2021-02-16,165384.0,1
2021-02-17,165384.0,1
2021-02-18,165384.0,1
2021-02-19,165384.0,1
2021-02-20,165384.0,1
2021-02-21,165384.0,1
2021-02-22,165384.0,1
2021-02-23,165384.0,1
2021-02-24,165384.0,1
2021-02-25,165384.0,1
2021-02-26,165384.0,1
2021-02-27,165384.0,1
2021-02-28,165384.0,1
2021-03-01,165384.0,1
2021-03-02,165384.0,1
2021-03-03,165384.0,1
2021-03-04,165384.0,1
2021-03-05,165384.0,1
2021-03-06,165384.0,1
2021-03-07,165384.0,1
2021-03-08,165384.0,1
2021-03-09,165384.0,1
2021-03-10,165384.0,1
2021-03-11,165384.0,1
2021-03-12,165384.0,1
2021-03-13,165384.0,1
2021-03-14,165384.0,1
2021-03-15,165384.0,1
2021-03-16,165384.0,1
2021-03-17,165384.0,1
2021-03-18,165384.0,1
2021-03-19,165384.0,1
2021-03-20,165384.0,1
2021-03-21,165384.0,1
2021-03-22,165384.0,1
2021-03-23,165384.0,1
2021-03-24,165384.0,1
2021-03-25,165384.0,1
2021-03-26,165384.0,1
2021-03-27,165384.0,1
2021-03-28,165384.0,1
2021-03-29,165384.0,1
2021-03-30,165384.0,1
2021-03-31,165384.0,1
2021-04-01,165384.0,1
2021-04-02,165384.0,1
2021-04-03,165384.0,1
2021-04-04,165384.0,1
2021-04-05,165384.0,1
2021-04-06,165384.0,1
2021-04-07,165384.0,1
2021-04-08,165384.0,1
2021-04-09,165384.0,1
2021-04-10,165384.0,1
2021-04-11,165384.0,1
2021-04-12,165384.0,1
2021-04-13,165384.0,1
2021-04-14,165384.0,1
2021-04-15,165384.0,1
2021-04-16,165384.0,1
2021-04-17,165384.0,1
2021-04-18,165384.0,1
2021-04-19,165384.0,1
2021-04-20,165384.0,1
2021-04-21,165384.0,1
2021-04-22,165384.0,1
2021-04-23,165384.0,1
2021-04-24,165384.0,1
2021-04-25,165384.0,1
2021-04-26,165384.0,1
2021-04-27,165384.0,1
2021-04-28,165384.0,1
2021-04-29,165384.0,1
2021-04-30,165384.0,1
2021-05-01,165384.0,1
2021-05-02,165384.0,1
2021-05-03,165384.0,1
2021-05-04,165384.0,1
2021-05-05,165384.0,1
2021-05-06,165384.0,1
2021-05-07,165384.0,1
2021-05-08,165384.0,1
2021-05-09,165384.0,1
2021-05-10,165384.0,1
2021-05-11,165384.0,1
2021-05-12,165384.0,1
2021-05-13,165384.0,1
2021-05-14,165384.0,1
2021-05-15,165384.0,1
2021-05-16,165384.0,1
2021-05-17,165384.0,1
2021-05-18,165384.0,1
2021-05-19,165384.0,1
2021-05-20,165384.0,1
2021-05-21,165384.0,1
2021-05-22,165384.0,1
2021-05-23,165384.0,1
2021-05-24,165384.0,1
2021-05-25,165384.0,1
2021-05-26,165384.0,1
2021-05-27,165384.0,1
2021-05-28,165384.0,1
2021-05-29,165384.0,1
2021-05-30,165384.0,1
2021-05-31,165384.0,1
2021-06-01,165384.0,1
2021-06-02,165384.0,1
2021-06-03,165384.0,1
2021-06-04,165384.0,1
2021-06-05,165384.0,1
2021-06-06,165384.0,1
2021-06-07,165384.0,1
2021-06-08,165384.0,1
2021-06-09,165384.0,1
2021-06-10,165384.0,1
2021-06-11,165384.0,1
2021-06-12,165384.0,1
2021-06-13,165384.0,1
2021-06-14,165384.0,1
2021-06-15,165384.0,1
2021-06-16,165384.0,1
2021-06-17,165384.0,1
2021-06-18,165384.0,1
2021-06-19,165384.0,1
2021-06-20,165384.0,1
2021-06-21,165384.0,1
2021-06-22,165384.0,1
2021-06-23,165384.0,1
2021-06-24,165384.0,1
2021-06-25,165384.0,1
2021-06-26,165384.0,1
2021-06-27,165384.0,1
2021-06-28,165384.0,1
2021-06-29,165384.0,1
2021-06-30,165384.0,1
2021-07-01,165384.0,1
2021-07-02,165384.0,1
2021-07-03,165384.0,1
2021-07-04,165384.0,1
2021-07-05,165384.0,1
2021-07-06,165384.0,1
2021-07-07,165384.0,1
2021-07-08,165384.0,1
2021-07-09,165384.0,1
2021-07-10,165384.0,1
2021-07-11,165384.0,1
2021-07-12,165384.0,1
2021-07-13,165384.0,1
2021-07-14,165384.0,1
2021-07-15,165384.0,1
2021-07-16,165384.0,1
2021-07-17,165384.0,1
2021-07-18,165384.0,1
2021-07-19,165384.0,1
2021-07-20,165384.0,1
2021-07-21,165384.0,1
2021-07-22,165384.0,1
2021-07-23,165384.0,1
2021-07-24,165384.0,1
2021-07-25,165384.0,1
2021-07-26,165384.0,1
2021-07-27,165384.0,1
2021-07-28,165384.0,1
2021-07-29,165384.0,1
2021-07-30,165384.0,1
2021-07-31,165384.0,1
2021-08-01,165384.0,1
2021-08-02,165384.0,1
2021-08-03,165384.0,1
2021-08-04,165384.0,1
2021-08-05,165384.0,1
2021-08-06,165384.0,1
2021-08-07,165384.0,1
2021-08-08,165384.0,1
2021-08-09,165384.0,1
2021-08-10,165384.0,1
2021-08-11,165384.0,1
2021-08-12,165384.0,1
2021-08-13,165384.0,1
2021-08-14,165384.0,1
2021-08-15,165384.0,1
2021-08-16,165384.0,1
2021-08-17,165384.0,1
2021-08-18,165384.0,1
2021-08-19,165384.0,1
2021-08-20,165384.0,1
2021-08-21,165384.0,1
2021-08-22,165384.0,1
2021-08-23,165384.0,1
2021-08-24,165384.0,1
2021-08-25,165384.0,1
2021-08-26,165384.0,1
2021-08-27,165384.0,1
2021-08-28,165384.0,1
2021-08-29,165384.0,1
2021-08-30,165384.0,1
2021-08-31,165384.0,1
2021-09-01,165384.0,1
2021-09-02,165384.0,1
2021-09-03,165384.0,1
2021-09-04,165384.0,1
2021-09-05,165384.0,1
2021-09-06,165384.0,1
2021-09-07,165384.0,1
2021-09-08,165384.0,1
2021-09-09,165384.0,1
2021-09-10,165384.0,1
2021-09-11,165384.0,1
2021-09-12,165384.0,1
2021-09-13,165384.0,1
2021-09-14,165384.0,1
2021-09-15,165384.0,1
2021-09-16,165384.0,1
2021-09-17,165384.0,1
2021-09-18,165384.0,1
2021-09-19,165384.0,1
2021-09-20,165384.0,1
2021-09-21,165384.0,1
2021-09-22,165384.0,1
2021-09-23,165384.0,1
2021-09-24,165384.0,1
2021-09-25,165384.0,1
2021-09-26,165384.0,1
2021-09-27,165384.0,1
2021-09-28,165384.0,1
2021-09-29,165384.0,1
2021-09-30,165384.0,1
2021-10-01,165384.0,1
2021-10-02,165384.0,1
2021-10-03,165384.0,1
2021-10-04,165384.0,1
2021-10-05,165384.0,1
2021-10-06,165384.0,1
2021-10-07,165384.0,1
2021-10-08,165384.0,1
2021-10-09,165384.0,1
2021-10-10,165384.0,1
2021-10-11,165384.0,1
2021-10-12,165384.0,1
2021-10-13,165384.0,1
2021-10-14,165384.0,1
2021-10-15,165384.0,1
2021-10-16,165384.0,1
2021-10-17,165384.0,1
2021-10-18,165384.0,1
2021-10-19,165384.0,1
2021-10-20,165384.0,1
2021-10-21,165384.0,1
2021-10-22,165384.0,1
2021-10-23,165384.0,1
2021-10-24,165384.0,1
2021-10-25,165384.0,1
2021-10-26,165384.0,1
2021-10-27,165384.0,1
2021-10-28,165384.0,1
2021-10-29,165384.0,1
2021-10-30,165384.0,1
2021-10-31,165384.0,1
2021-11-01,165384.0,1
2021-11-02,165384.0,1
2021-11-03,165384.0,1
2021-11-04,165384.0,1
2021-11-05,165384.0,1
2021-11-06,165384.0,1
2021-11-07,165384.0,1
2021-11-08,165384.0,1
2021-11-09,165384.0,1
2021-11-10,165384.0,1
2021-11-11,165384.0,1
2021-11-12,165384.0,1
2021-11-13,165384.0,1
2021-11-14,165384.0,1
2021-11-15,165384.0,1
2021-11-16,165384.0,1
2021-11-17,165384.0,1
2021-11-18,165384.0,1
2021-11-19,165384.0,1
2021-11-20,165384.0,1
2021-11-21,165384.0,1
2021-11-22,165384.0,1
2021-11-23,165384.0,1
2021-11-24,165384.0,1
2021-11-25,165384.0,1
2021-11-26,165384.0,1
2021-11-27,165384.0,1
2021-11-28,165384.0,1
2021-11-29,165384.0,1
2021-11-30,165384.0,1
2021-12-01,165384.0,1
2021-12-02,165384.0,1
2021-12-03,165384.0,1
2021-12-04,165384.0,1
2021-12-05,165384.0,1
2021-12-06,165384.0,1
2021-12-07,165384.0,1
2021-12-08,165384.0,1
2021-12-09,165384.0,1
2021-12-10,165384.0,1
2021-12-11,165384.0,1
2021-12-12,165384.0,1
2021-12-13,165384.0,1
2021-12-14,165384.0,1
2021-12-15,165384.0,1
2021-12-16,165384.0,1
2021-12-17,165384.0,1
2021-12-18,165384.0,1
2021-12-19,165384.0,1
2021-12-20,165384.0,1
2021-12-21,165384.0,1
2021-12-22,165384.0,1
2021-12-23,165384.0,1
2021-12-24,165384.0,1
2021-12-25,165384.0,1
2021-12-26,165384.0,1
2021-12-27,165384.0,1
2021-12-28,165384.0,1
2021-12-29,165384.0,1
2021-12-30,165384.0,1
2021-12-31,165384.0,1
2022-01-01,164944.0,1
2022-01-02,164944.0,1
2022-01-03,164944.0,1
2022-01-04,164944.0,1
2022-01-05,164944.0,1
2022-01-06,164944.0,1
2022-01-07,164944.0,1
2022-01-08,164944.0,1
2022-01-09,164944.0,1
2022-01-10,164944.0,1
2022-01-11,164944.0,1
2022-01-12,164944.0,1
2022-01-13,164944.0,1
2022-01-14,164944.0,1
2022-01-15,164944.0,1
2022-01-16,164944.0,1
2022-01-17,164944.0,1
2022-01-18,164944.0,1
2022-01-19,164944.0,1
2022-01-20,164944.0,1
2022-01-21,164944.0,1
2022-01-22,164944.0,1
2022-01-23,164944.0,1
2022-01-24,164944.0,1
2022-01-25,164944.0,1
2022-01-26,164944.0,1
2022-01-27,164944.0,1
2022-01-28,164944.0,1
2022-01-29,164944.0,1
2022-01-30,164944.0,1
2022-01-31,164944.0,1
2022-02-01,164944.0,1
2022-02-02,164944.0,1
2022-02-03,164944.0,1
2022-02-04,164944.0,1
2022-02-05,164944.0,1
2022-02-06,164944.0,1
2022-02-07,164944.0,1
2022-02-08,164944.0,1
2022-02-09,164944.0,1
2022-02-10,164944.0,1
2022-02-11,164944.0,1
2022-02-12,164944.0,1
2022-02-13,164944.0,1
2022-02-14,164944.0,1
2022-02-15,164944.0,1
2022-02-16,164944.0,1
2022-02-17,164944.0,1
2022-02-18,164944.0,1
2022-02-19,164944.0,1
2022-02-20,164944.0,1
2022-02-21,164944.0,1
2022-02-22,164944.0,1
2022-02-23,164944.0,1
2022-02-24,164944.0,1
2022-02-25,164944.0,1
2022-02-26,164944.0,1
2022-02-27,164944.0,1
2022-02-28,164944.0,1
2022-03-01,164944.0,1
2022-03-02,164944.0,1
2022-03-03,164944.0,1
2022-03-04,164944.0,1
2022-03-05,164944.0,1
2022-03-06,164944.0,1
2022-03-07,164944.0,1
2022-03-08,164944.0,1
2022-03-09,164944.0,1
2022-03-10,164944.0,1
2022-03-11,164944.0,1
2022-03-12,164944.0,1
2022-03-13,164944.0,1
2022-03-14,164944.0,1
2022-03-15,164944.0,1
2022-03-16,164944.0,1
2022-03-17,164944.0,1
2022-03-18,164944.0,1
2022-03-19,164944.0,1
2022-03-20,164944.0,1
2022-03-21,164944.0,1
2022-03-22,164944.0,1
2022-03-23,164944.0,1
2022-03-24,164944.0,1
2022-03-25,164944.0,1
2022-03-26,164944.0,1
2022-03-27,164944.0,1
2022-03-28,164944.0,1
2022-03-29,164944.0,1
2022-03-30,164944.0,1
2022-03-31,164944.0,1
2022-04-01,164944.0,1
2022-04-02,164944.0,1
2022-04-03,164944.0,1
2022-04-04,164944.0,1
2022-04-05,164944.0,1
2022-04-06,164944.0,1
2022-04-07,164944.0,1
2022-04-08,164944.0,1
2022-04-09,164944.0,1
2022-04-10,164944.0,1
2022-04-11,164944.0,1
2022-04-12,164944.0,1
2022-04-13,164944.0,1
2022-04-14,164944.0,1
2022-04-15,164944.0,1
2022-04-16,164944.0,1
2022-04-17,164944.0,1
2022-04-18,164944.0,1
2022-04-19,164944.0,1
2022-04-20,164944.0,1
2022-04-21,164944.0,1
2022-04-22,164944.0,1
2022-04-23,164944.0,1
2022-04-24,164944.0,1
2022-04-25,164944.0,1
2022-04-26,164944.0,1
2022-04-27,164944.0,1
2022-04-28,164944.0,1
2022-04-29,164944.0,1
2022-04-30,164944.0,1
2022-05-01,164944.0,1
2022-05-02,164944.0,1
2022-05-03,164944.0,1
2022-05-04,164944.0,1
2022-05-05,164944.0,1
2022-05-06,164944.0,1
2022-05-07,164944.0,1
2022-05-08,164944.0,1
2022-05-09,164944.0,1
2022-05-10,164944.0,1
2022-05-11,164944.0,1
2022-05-12,164944.0,1
2022-05-13,164944.0,1
2022-05-14,164944.0,1
2022-05-15,164944.0,1
2022-05-16,164944.0,1
2022-05-17,164944.0,1
2022-05-18,164944.0,1
2022-05-19,164944.0,1
2022-05-20,164944.0,1
2022-05-21,164944.0,1
2022-05-22,164944.0,1
2022-05-23,164944.0,1
2022-05-24,164944.0,1
2022-05-25,164944.0,1
2022-05-26,164944.0,1
2022-05-27,164944.0,1
2022-05-28,164944.0,1
2022-05-29,164944.0,1
2022-05-30,164944.0,1
2022-05-31,164944.0,1
2022-06-01,164944.0,1
2022-06-02,164944.0,1
2022-06-03,164944.0,1
2022-06-04,164944.0,1
2022-06-05,164944.0,1
2022-06-06,164944.0,1
2022-06-07,164944.0,1
2022-06-08,164944.0,1
2022-06-09,164944.0,1
2022-06-10,164944.0,1
2022-06-11,164944.0,1
2022-06-12,164944.0,1
2022-06-13,164944.0,1
2022-06-14,164944.0,1
2022-06-15,164944.0,1
2022-06-16,164944.0,1
2022-06-17,164944.0,1
2022-06-18,164944.0,1
2022-06-19,164944.0,1
2022-06-20,164944.0,1
2022-06-21,164944.0,1
2022-06-22,164944.0,1
2022-06-23,164944.0,1
2022-06-24,164944.0,1
2022-06-25,164944.0,1
2022-06-26,164944.0,1
2022-06-27,164944.0,1
2022-06-28,164944.0,1
2022-06-29,164944.0,1
2022-06-30,164944.0,1
2022-07-01,164944.0,1
2022-07-02,164944.0,1
2022-07-03,164944.0,1
2022-07-04,164944.0,1
2022-07-05,164944.0,1
2022-07-06,164944.0,1
2022-07-07,164944.0,1
2022-07-08,164944.0,1
2022-07-09,164944.0,1
2022-07-10,164944.0,1
2022-07-11,164944.0,1
2022-07-12,164944.0,1
2022-07-13,164944.0,1
2022-07-14,164944.0,1
2022-07-15,164944.0,1
2022-07-16,164944.0,1
2022-07-17,164944.0,1
2022-07-18,164944.0,1
2022-07-19,164944.0,1
2022-07-20,164944.0,1
2022-07-21,164944.0,1
2022-07-22,164944.0,1
2022-07-23,164944.0,1
2022-07-24,164944.0,1
2022-07-25,164944.0,1
2022-07-26,164944.0,1
2022-07-27,164944.0,1
2022-07-28,164944.0,1
2022-07-29,164944.0,1
2022-07-30,164944.0,1
2022-07-31,164944.0,1
2022-08-01,164944.0,1
2022-08-02,164944.0,1
2022-08-03,164944.0,1
2022-08-04,164944.0,1
2022-08-05,164944.0,1
2022-08-06,164944.0,1
2022-08-07,164944.0,1
2022-08-08,164944.0,1
2022-08-09,164944.0,1
2022-08-10,164944.0,1
2022-08-11,164944.0,1
2022-08-12,164944.0,1
2022-08-13,164944.0,1
2022-08-14,164944.0,1
2022-08-15,164944.0,1
2022-08-16,164944.0,1
2022-08-17,164944.0,1
2022-08-18,164944.0,1
2022-08-19,164944.0,1
2022-08-20,164944.0,1
2022-08-21,164944.0,1
2022-08-22,164944.0,1
2022-08-23,164944.0,1
2022-08-24,164944.0,1
2022-08-25,164944.0,1
2022-08-26,164944.0,1
2022-08-27,164944.0,1
2022-08-28,164944.0,1
2022-08-29,164944.0,1
2022-08-30,164944.0,1
2022-08-31,164944.0,1
2022-09-01,164944.0,1
2022-09-02,164944.0,1
2022-09-03,164944.0,1
2022-09-04,164944.0,1
2022-09-05,164944.0,1
2022-09-06,164944.0,1
2022-09-07,164944.0,1
2022-09-08,164944.0,1
2022-09-09,164944.0,1
2022-09-10,164944.0,1
2022-09-11,164944.0,1
2022-09-12,164944.0,1
2022-09-13,164944.0,1
2022-09-14,164944.0,1
2022-09-15,164944.0,1
2022-09-16,164944.0,1
2022-09-17,164944.0,1
2022-09-18,164944.0,1
2022-09-19,164944.0,1
2022-09-20,164944.0,1
2022-09-21,164944.0,1
2022-09-22,164944.0,1
2022-09-23,164944.0,1
2022-09-24,164944.0,1
2022-09-25,164944.0,1
2022-09-26,164944.0,1
2022-09-27,164944.0,1
2022-09-28,164944.0,1
2022-09-29,164944.0,1
2022-09-30,164944.0,1
2022-10-01,164944.0,1
2022-10-02,164944.0,1
2022-10-03,164944.0,1
2022-10-04,164944.0,1
2022-10-05,164944.0,1
2022-10-06,164944.0,1
2022-10-07,164944.0,1
2022-10-08,164944.0,1
2022-10-09,164944.0,1
2022-10-10,164944.0,1
2022-10-11,164944.0,1
2022-10-12,164944.0,1
2022-10-13,164944.0,1
2022-10-14,164944.0,1
2022-10-15,164944.0,1
2022-10-16,164944.0,1
2022-10-17,164944.0,1
2022-10-18,164944.0,1
2022-10-19,164944.0,1
2022-10-20,164944.0,1
2022-10-21,164944.0,1
2022-10-22,164944.0,1
2022-10-23,164944.0,1
2022-10-24,164944.0,1
2022-10-25,164944.0,1
2022-10-26,164944.0,1
2022-10-27,164944.0,1
2022-10-28,164944.0,1
2022-10-29,164944.0,1
2022-10-30,164944.0,1
2022-10-31,164944.0,1
2022-11-01,164944.0,1
2022-11-02,164944.0,1
2022-11-03,164944.0,1
2022-11-04,164944.0,1
2022-11-05,164944.0,1
2022-11-06,164944.0,1
2022-11-07,164944.0,1
2022-11-08,164944.0,1
2022-11-09,164944.0,1
2022-11-10,164944.0,1
2022-11-11,164944.0,1
2022-11-12,164944.0,1
2022-11-13,164944.0,1
2022-11-14,164944.0,1
2022-11-15,164944.0,1
2022-11-16,164944.0,1
2022-11-17,164944.0,1
2022-11-18,164944.0,1
2022-11-19,164944.0,1
2022-11-20,164944.0,1
2022-11-21,164944.0,1
2022-11-22,164944.0,1
2022-11-23,164944.0,1
2022-11-24,164944.0,1
2022-11-25,164944.0,1
2022-11-26,164944.0,1
2022-11-27,164944.0,1
2022-11-28,164944.0,1
2022-11-29,164944.0,1
2022-11-30,164944.0,1
2022-12-01,164944.0,1
2022-12-02,164944.0,1
2022-12-03,164944.0,1
2022-12-04,164944.0,1
2022-12-05,164944.0,1
2022-12-06,164944.0,1
2022-12-07,164944.0,1
2022-12-08,164944.0,1
2022-12-09,164944.0,1
2022-12-10,164944.0,1
2022-12-11,164944.0,1
2022-12-12,164944.0,1
2022-12-13,164944.0,1
2022-12-14,164944.0,1
2022-12-15,164944.0,1
2022-12-16,164944.0,1
2022-12-17,164944.0,1
2022-12-18,164944.0,1
2022-12-19,164944.0,1
2022-12-20,164944.0,1
2022-12-21,164944.0,1
2022-12-22,164944.0,1
2022-12-23,164944.0,1
2022-12-24,164944.0,1
2022-12-25,164944.0,1
2022-12-26,164944.0,1
2022-12-27,164944.0,1
2022-12-28,164944.0,1
2022-12-29,164944.0,1
2022-12-30,164944.0,1
2022-12-31,164944.0,1
2023-01-01,173227.0,1
2023-01-02,173227.0,1
2023-01-03,173227.0,1
2023-01-04,173227.0,1
2023-01-05,173227.0,1
2023-01-06,173227.0,1
2023-01-07,173227.0,1
2023-01-08,173227.0,1
2023-01-09,173227.0,1
2023-01-10,173227.0,1
2023-01-11,173227.0,1
2023-01-12,173227.0,1
2023-01-13,173227.0,1
2023-01-14,173227.0,1
2023-01-15,173227.0,1
2023-01-16,173227.0,1
2023-01-17,173227.0,1
2023-01-18,173227.0,1
2023-01-19,173227.0,1
2023-01-20,173227.0,1
2023-01-21,173227.0,1
2023-01-22,173227.0,1
2023-01-23,173227.0,1
2023-01-24,173227.0,1
2023-01-25,173227.0,1
2023-01-26,173227.0,1
2023-01-27,173227.0,1
2023-01-28,173227.0,1
2023-01-29,173227.0,1
2023-01-30,173227.0,1
2023-01-31,173227.0,1
2023-02-01,173227.0,1
2023-02-02,173227.0,1
2023-02-03,173227.0,1
2023-02-04,173227.0,1
2023-02-05,173227.0,1
2023-02-06,173227.0,1
2023-02-07,173227.0,1
2023-02-08,173227.0,1
2023-02-09,173227.0,1
2023-02-10,173227.0,1
2023-02-11,173227.0,1
2023-02-12,173227.0,1
2023-02-13,173227.0,1
2023-02-14,173227.0,1
2023-02-15,173227.0,1
2023-02-16,173227.0,1
2023-02-17,173227.0,1
2023-02-18,173227.0,1
2023-02-19,173227.0,1
2023-02-20,173227.0,1
2023-02-21,173227.0,1
2023-02-22,173227.0,1
2023-02-23,173227.0,1
2023-02-24,173227.0,1
2023-02-25,173227.0,1
2023-02-26,173227.0,1
2023-02-27,173227.0,1
2023-02-28,173227.0,1
2023-03-01,173227.0,1
2023-03-02,173227.0,1
2023-03-03,173227.0,1
2023-03-04,173227.0,1
2023-03-05,173227.0,1
2023-03-06,173227.0,1
2023-03-07,173227.0,1
2023-03-08,173227.0,1
2023-03-09,173227.0,1
2023-03-10,173227.0,1
2023-03-11,173227.0,1
2023-03-12,173227.0,1
2023-03-13,173227.0,1
2023-03-14,173227.0,1
2023-03-15,173227.0,1
2023-03-16,173227.0,1
2023-03-17,173227.0,1
2023-03-18,173227.0,1
2023-03-19,173227.0,1
2023-03-20,173227.0,1
2023-03-21,173227.0,1
2023-03-22,173227.0,1
2023-03-23,173227.0,1
2023-03-24,173227.0,1
2023-03-25,173227.0,1
2023-03-26,173227.0,1
2023-03-27,173227.0,1
2023-03-28,173227.0,1
2023-03-29,173227.0,1
2023-03-30,173227.0,1
2023-03-31,173227.0,1
2023-04-01,173227.0,1
2023-04-02,173227.0,1
2023-04-03,173227.0,1
2023-04-04,173227.0,1
2023-04-05,173227.0,1
2023-04-06,173227.0,1
2023-04-07,173227.0,1
2023-04-08,173227.0,1
2023-04-09,173227.0,1
2023-04-10,173227.0,1
2023-04-11,173227.0,1
2023-04-12,173227.0,1
2023-04-13,173227.0,1
2023-04-14,173227.0,1
2023-04-15,173227.0,1
2023-04-16,173227.0,1
2023-04-17,173227.0,1
2023-04-18,173227.0,1
2023-04-19,173227.0,1
2023-04-20,173227.0,1
2023-04-21,173227.0,1
2023-04-22,173227.0,1
2023-04-23,173227.0,1
2023-04-24,173227.0,1
2023-04-25,173227.0,1
2023-04-26,173227.0,1
2023-04-27,173227.0,1
2023-04-28,173227.0,1
2023-04-29,173227.0,1
2023-04-30,173227.0,1
2023-05-01,173227.0,1
2023-05-02,173227.0,1
2023-05-03,173227.0,1
2023-05-04,173227.0,1
2023-05-05,173227.0,1
2023-05-06,173227.0,1
2023-05-07,173227.0,1
2023-05-08,173227.0,1
2023-05-09,173227.0,1
2023-05-10,173227.0,1
2023-05-11,173227.0,1
2023-05-12,173227.0,1
2023-05-13,173227.0,1
2023-05-14,173227.0,1
2023-05-15,173227.0,1
2023-05-16,173227.0,1
2023-05-17,173227.0,1
2023-05-18,173227.0,1
2023-05-19,173227.0,1
2023-05-20,173227.0,1
2023-05-21,173227.0,1
2023-05-22,173227.0,1
2023-05-23,173227.0,1
2023-05-24,173227.0,1
2023-05-25,173227.0,1
2023-05-26,173227.0,1
2023-05-27,173227.0,1
2023-05-28,173227.0,1
2023-05-29,173227.0,1
2023-05-30,173227.0,1
2023-05-31,173227.0,1
2023-06-01,173227.0,1
2023-06-02,173227.0,1
2023-06-03,173227.0,1
2023-06-04,173227.0,1
2023-06-05,173227.0,1
2023-06-06,173227.0,1
2023-06-07,173227.0,1
2023-06-08,173227.0,1
2023-06-09,173227.0,1
2023-06-10,173227.0,1
2023-06-11,173227.0,1
2023-06-12,173227.0,1
2023-06-13,173227.0,1
2023-06-14,173227.0,1
2023-06-15,173227.0,1
2023-06-16,173227.0,1
2023-06-17,173227.0,1
2023-06-18,173227.0,1
2023-06-19,173227.0,1
2023-06-20,173227.0,1
2023-06-21,173227.0,1
2023-06-22,173227.0,1
2023-06-23,173227.0,1
2023-06-24,173227.0,1
2023-06-25,173227.0,1
2023-06-26,173227.0,1
2023-06-27,173227.0,1
2023-06-28,173227.0,1
2023-06-29,173227.0,1
2023-06-30,173227.0,1
2023-07-01,173227.0,1
2023-07-02,173227.0,1
2023-07-03,173227.0,1
2023-07-04,173227.0,1
2023-07-05,173227.0,1
2023-07-06,173227.0,1
2023-07-07,173227.0,1
2023-07-08,173227.0,1
2023-07-09,173227.0,1
2023-07-10,173227.0,1
2023-07-11,173227.0,1
2023-07-12,173227.0,1
2023-07-13,173227.0,1
2023-07-14,173227.0,1
2023-07-15,173227.0,1
2023-07-16,173227.0,1
2023-07-17,173227.0,1
2023-07-18,173227.0,1
2023-07-19,173227.0,1
2023-07-20,173227.0,1
2023-07-21,173227.0,1
2023-07-22,173227.0,1
2023-07-23,173227.0,1
2023-07-24,173227.0,1
2023-07-25,173227.0,1
2023-07-26,173227.0,1
2023-07-27,173227.0,1
2023-07-28,173227.0,1
2023-07-29,173227.0,1
2023-07-30,173227.0,1
2023-07-31,173227.0,1
2023-08-01,173227.0,1
2023-08-02,173227.0,1
2023-08-03,173227.0,1
2023-08-04,173227.0,1
2023-08-05,173227.0,1
2023-08-06,173227.0,1
2023-08-07,173227.0,1
2023-08-08,173227.0,1
2023-08-09,173227.0,1
2023-08-10,173227.0,1
2023-08-11,173227.0,1
2023-08-12,173227.0,1
2023-08-13,173227.0,1
2023-08-14,173227.0,1
2023-08-15,173227.0,1
2023-08-16,173227.0,1
2023-08-17,173227.0,1
2023-08-18,173227.0,1
2023-08-19,173227.0,1
2023-08-20,173227.0,1
2023-08-21,173227.0,1
2023-08-22,173227.0,1
2023-08-23,173227.0,1
2023-08-24,173227.0,1
2023-08-25,173227.0,1
2023-08-26,173227.0,1
2023-08-27,173227.0,1
2023-08-28,173227.0,1
2023-08-29,173227.0,1
2023-08-30,173227.0,1
2023-08-31,173227.0,1
2023-09-01,173227.0,1
2023-09-02,173227.0,1
2023-09-03,173227.0,1
2023-09-04,173227.0,1
2023-09-05,173227.0,1
2023-09-06,173227.0,1
2023-09-07,173227.0,1
2023-09-08,173227.0,1
2023-09-09,173227.0,1
2023-09-10,173227.0,1
2023-09-11,173227.0,1
2023-09-12,173227.0,1
2023-09-13,173227.0,1
2023-09-14,173227.0,1
2023-09-15,173227.0,1
2023-09-16,173227.0,1
2023-09-17,173227.0,1
2023-09-18,173227.0,1
2023-09-19,173227.0,1
2023-09-20,173227.0,1
2023-09-21,173227.0,1
2023-09-22,173227.0,1
2023-09-23,173227.0,1
2023-09-24,173227.0,1
2023-09-25,173227.0,1
2023-09-26,173227.0,1
2023-09-27,173227.0,1
2023-09-28,173227.0,1
2023-09-29,173227.0,1
2023-09-30,173227.0,1
2023-10-01,173227.0,1
2023-10-02,173227.0,1
2023-10-03,173227.0,1
2023-10-04,173227.0,1
2023-10-05,173227.0,1
2023-10-06,173227.0,1
2023-10-07,173227.0,1
2023-10-08,173227.0,1
2023-10-09,173227.0,1
2023-10-10,173227.0,1
2023-10-11,173227.0,1
2023-10-12,173227.0,1
2023-10-13,173227.0,1
2023-10-14,173227.0,1
2023-10-15,173227.0,1
2023-10-16,173227.0,1
2023-10-17,173227.0,1
2023-10-18,173227.0,1
2023-10-19,173227.0,1
2023-10-20,173227.0,1
2023-10-21,173227.0,1
2023-10-22,173227.0,1
2023-10-23,173227.0,1
2023-10-24,173227.0,1
2023-10-25,173227.0,1
2023-10-26,173227.0,1
2023-10-27,173227.0,1
2023-10-28,173227.0,1
2023-10-29,173227.0,1
2023-10-30,173227.0,1
2023-10-31,173227.0,1
2023-11-01,173227.0,1
2023-11-02,173227.0,1
2023-11-03,173227.0,1
2023-11-04,173227.0,1
2023-11-05,173227.0,1
2023-11-06,173227.0,1
2023-11-07,173227.0,1
2023-11-08,173227.0,1
2023-11-09,173227.0,1
2023-11-10,173227.0,1
2023-11-11,173227.0,1
2023-11-12,173227.0,1
2023-11-13,173227.0,1
2023-11-14,173227.0,1
2023-11-15,173227.0,1
2023-11-16,173227.0,1
2023-11-17,173227.0,1
2023-11-18,173227.0,1
2023-11-19,173227.0,1
2023-11-20,173227.0,1
2023-11-21,173227.0,1
2023-11-22,173227.0,1
2023-11-23,173227.0,1
2023-11-24,173227.0,1
2023-11-25,173227.0,1
2023-11-26,173227.0,1
2023-11-27,173227.0,1
2023-11-28,173227.0,1
2023-11-29,173227.0,1
2023-11-30,173227.0,1
2023-12-01,173227.0,1
2023-12-02,173227.0,1
2023-12-03,173227.0,1
2023-12-04,173227.0,1
2023-12-05,173227.0,1
2023-12-06,173227.0,1
2023-12-07,173227.0,1
2023-12-08,173227.0,1
2023-12-09,173227.0,1
2023-12-10,173227.0,1
2023-12-11,173227.0,1
2023-12-12,173227.0,1
2023-12-13,173227.0,1
2023-12-14,173227.0,1
2023-12-15,173227.0,1
2023-12-16,173227.0,1
2023-12-17,173227.0,1
2023-12-18,173227.0,1
2023-12-19,173227.0,1
2023-12-20,173227.0,1
2023-12-21,173227.0,1
2023-12-22,173227.0,1
2023-12-23,173227.0,1
2023-12-24,173227.0,1
2023-12-25,173227.0,1
2023-12-26,173227.0,1
2023-12-27,173227.0,1
2023-12-28,173227.0,1
2023-12-29,173227.0,1
2023-12-30,173227.0,1
2023-12-31,173227.0,1
2024-01-01,173227.0,1
2024-01-02,173227.0,1
2024-01-03,173227.0,1
2024-01-04,173227.0,1
2024-01-05,173227.0,1
2024-01-06,173227.0,1
2024-01-07,173227.0,1
2024-01-08,173227.0,1
2024-01-09,173227.0,1
2024-01-10,173227.0,1
2024-01-11,173227.0,1
2024-01-12,173227.0,1
2024-01-13,173227.0,1
2024-01-14,173227.0,1
2024-01-15,173227.0,1
2024-01-16,173227.0,1
2024-01-17,173227.0,1
2024-01-18,173227.0,1
2024-01-19,173227.0,1
2024-01-20,173227.0,1
2024-01-21,173227.0,1
2024-01-22,173227.0,1
2024-01-23,173227.0,1
2024-01-24,173227.0,1
2024-01-25,173227.0,1
2024-01-26,173227.0,1
2024-01-27,173227.0,1
2024-01-28,173227.0,1
2024-01-29,173227.0,1
2024-01-30,173227.0,1
2024-01-31,173227.0,1
2024-02-01,173227.0,1
2024-02-02,173227.0,1
2024-02-03,173227.0,1
2024-02-04,173227.0,1
2024-02-05,173227.0,1
2024-02-06,173227.0,1
2024-02-07,173227.0,1
2024-02-08,173227.0,1
2024-02-09,173227.0,1
2024-02-10,173227.0,1
2024-02-11,173227.0,1
2024-02-12,173227.0,1
2024-02-13,173227.0,1
2024-02-14,173227.0,1
2024-02-15,173227.0,1
2024-02-16,173227.0,1
2024-02-17,173227.0,1
2024-02-18,173227.0,1
2024-02-19,173227.0,1
2024-02-20,173227.0,1
2024-02-21,173227.0,1
2024-02-22,173227.0,1
2024-02-23,173227.0,1
2024-02-24,173227.0,1
2024-02-25,173227.0,1
2024-02-26,173227.0,1
2024-02-27,173227.0,1
2024-02-28,173227.0,1
2024-02-29,173227.0,1
2024-03-01,173227.0,1
2024-03-02,173227.0,1
2024-03-03,173227.0,1
2024-03-04,173227.0,1
2024-03-05,173227.0,1
2024-03-06,173227.0,1
2024-03-07,173227.0,1
2024-03-08,173227.0,1
2024-03-09,173227.0,1
2024-03-10,173227.0,1
2024-03-11,173227.0,1
2024-03-12,173227.0,1
2024-03-13,173227.0,1
2024-03-14,173227.0,1
2024-03-15,173227.0,1
2024-03-16,173227.0,1
2024-03-17,173227.0,1
2024-03-18,173227.0,1
2024-03-19,173227.0,1
2024-03-20,173227.0,1
2024-03-21,173227.0,1
2024-03-22,173227.0,1
2024-03-23,173227.0,1
2024-03-24,173227.0,1
2024-03-25,173227.0,1
2024-03-26,173227.0,1
2024-03-27,173227.0,1
2024-03-28,173227.0,1
2024-03-29,173227.0,1
2024-03-30,173227.0,1
2024-03-31,173227.0,1
2024-04-01,173227.0,1
2024-04-02,173227.0,1
2024-04-03,173227.0,1
2024-04-04,173227.0,1
2024-04-05,173227.0,1
2024-04-06,173227.0,1
2024-04-07,173227.0,1
2024-04-08,173227.0,1
2024-04-09,173227.0,1
2024-04-10,173227.0,1
2024-04-11,173227.0,1
2024-04-12,173227.0,1
2024-04-13,173227.0,1
2024-04-14,173227.0,1
2024-04-15,14529.0,0
2024-04-16,172129.0,0
2024-04-17,173033.0,0
2024-04-18,171947.0,0
2024-04-19,183652.0,0
2024-04-20,,1
2024-04-21,183462.0,0
2024-04-22,169059.0,0
2024-04-23,180362.0,0
2024-04-24,183312.0,0
2024-04-25,185460.0,0
2024-04-26,182706.0,0
2024-04-27,191986.0,0
2024-04-28,179018.0,0
2024-04-29,176784.0,0
2024-04-30,179811.0,0
2024-05-01,179800.0,0
2024-05-02,171824.0,0
2024-05-03,186869.0,0
2024-05-04,192630.0,0
2024-05-05,172597.0,0
2024-05-06,177358.0,0
2024-05-07,167399.0,0
2024-05-08,181214.0,0
2024-05-09,178424.0,0
2024-05-10,178592.0,0
2024-05-11,189205.0,0
2024-05-12,172484.0,0
2024-05-13,168612.0,0
2024-05-14,170960.0,0
2024-05-15,160916.0,0
2024-05-16,169323.0,0
2024-05-17,183456.0,0
2024-05-18,191596.0,0
2024-05-19,188048.0,0
2024-05-20,171988.0,0
2024-05-21,178884.0,0
2024-05-22,173483.0,0
2024-05-23,167713.0,0
2024-05-24,179295.0,0
2024-05-25,188445.0,0
2024-05-26,183042.0,0
2024-05-27,163024.0,0
2024-05-28,174908.0,0
2024-05-29,175189.0,0
2024-05-30,171836.0,0
2024-05-31,176331.0,0
2024-06-01,177514.0,0
2024-06-02,188478.0,0
2024-06-03,177946.0,0
2024-06-04,174121.0,0
2024-06-05,173173.0,0
2024-06-06,177299.0,0
2024-06-07,177452.0,0
2024-06-08,188487.0,0
2024-06-09,183886.0,0
2024-06-10,175443.0,0
2024-06-11,175977.0,0
2024-06-12,181261.0,0
2024-06-13,177272.0,0
2024-06-14,176585.0,0
2024-06-15,181687.0,0
2024-06-16,181280.0,0
2024-06-17,183976.0,0
2024-06-18,174467.0,0
2024-06-19,176909.0,0
2024-06-20,176758.0,0
2024-06-21,178456.0,0
2024-06-22,189767.0,0
2024-06-23,181226.0,0
2024-06-24,179659.0,0
2024-06-25,174860.0,0
2024-06-26,180988.0,0
2024-06-27,180893.0,0
2024-06-28,183617.0,0
2024-06-29,194114.0,0
2024-06-30,180549.0,0
2024-07-01,,1
2024-07-02,173272.0,0
2024-07-03,188215.0,0
2024-07-04,166491.0,0
2024-07-05,190778.0,0
2024-07-06,186305.0,0
2024-07-07,181684.0,0
2024-07-08,182700.0,0
2024-07-09,186762.0,0
2024-07-10,185784.0,0
2024-07-11,179446.0,0
2024-07-12,190986.0,0
2024-07-13,187398.0,0
2024-07-14,182104.0,0
2024-07-15,173795.0,0
2024-07-16,170232.0,0
2024-07-17,179117.0,0
2024-07-18,180936.0,0
2024-07-19,188889.0,0
2024-07-20,187568.0,0
2024-07-21,188237.0,0
2024-07-22,185650.0,0
2024-07-23,182093.0,0
2024-07-24,179278.0,0
2024-07-25,187826.0,0
2024-07-26,183980.0,0
2024-07-27,187406.0,0
2024-07-28,185173.0,0
2024-07-29,175664.0,0
2024-07-30,179980.0,0
2024-07-31,187628.0,0
2024-08-01,182328.0,0
2024-08-02,183154.0,0
2024-08-03,189214.0,0
2024-08-04,180728.0,0
2024-08-05,182127.0,0
2024-08-06,175338.0,0
2024-08-07,175390.0,0
2024-08-08,172666.0,0
2024-08-09,187093.0,0
2024-08-10,187498.0,0
2024-08-11,180293.0,0
2024-08-12,177977.0,0
2024-08-13,178780.0,0
2024-08-14,159272.0,0
2024-08-15,172772.0,0
2024-08-16,187952.0,0
2024-08-17,190014.0,0
2024-08-18,174691.0,0
2024-08-19,183024.0,0
2024-08-20,189613.0,0
2024-08-21,185148.0,0
2024-08-22,182791.0,0
2024-08-23,192700.0,0
2024-08-24,190732.0,0
2024-08-25,183369.0,0
2024-08-26,181321.0,0
2024-08-27,184923.0,0
2024-08-28,181247.0,0
2024-08-29,186182.0,0
2024-08-30,191650.0,0
2024-08-31,192628.0,0
2024-09-01,183483.0,0
2024-09-02,171093.0,0
2024-09-03,178893.0,0
2024-09-04,180911.0,0
2024-09-05,177167.0,0
2024-09-06,185475.0,0
2024-09-07,194239.0,0
2024-09-08,177660.0,0
2024-09-09,173470.0,0
2024-09-10,170266.0,0
2024-09-11,165693.0,0
2024-09-12,170447.0,0
2024-09-13,173358.0,0
2024-09-14,192424.0,0
2024-09-15,185078.0,0
2024-09-16,171420.0,0
2024-09-17,171614.0,0
2024-09-18,174587.0,0
2024-09-19,180773.0,0
2024-09-20,184708.0,0
2024-09-21,193422.0,0
2024-09-22,180868.0,0
2024-09-23,175856.0,0
2024-09-24,174915.0,0
2024-09-25,174693.0,0
2024-09-26,170290.0,0
2024-09-27,183842.0,0
2024-09-28,181203.0,0
2024-09-29,166625.0,0
2024-09-30,173025.0,0
2024-10-01,173304.0,0
2024-10-02,168450.0,0
2024-10-03,182008.0,0
2024-10-04,189431.0,0
2024-10-05,192483.0,0
2024-10-06,178506.0,0
2024-10-07,172022.0,0
2024-10-08,179443.0,0
2024-10-09,177481.0,0
2024-10-10,176954.0,0
2024-10-11,181893.0,0
2024-10-12,190181.0,0
2024-10-13,181942.0,0
2024-10-14,179325.0,0
2024-10-15,172960.0,0
2024-10-16,174399.0,0
2024-10-17,182290.0,0
2024-10-18,185154.0,0
2024-10-19,190592.0,0
2024-10-20,180897.0,0
2024-10-21,172106.0,0
2024-10-22,171616.0,0
2024-10-23,174457.0,0
2024-10-24,180681.0,0
2024-10-25,179496.0,0
2024-10-26,191401.0,0
2024-10-27,186254.0,0
2024-10-28,176612.0,0
2024-10-29,172738.0,0
2024-10-30,174045.0,0
2024-10-31,180753.0,0
2024-11-01,194716.0,0
2024-11-02,193862.0,0
2024-11-03,179863.0,0
2024-11-04,174287.0,0
2024-11-05,176767.0,0
2024-11-06,168769.0,0
2024-11-07,181608.0,0
2024-11-08,181571.0,0
2024-11-09,192940.0,0
2024-11-10,181872.0,0
2024-11-11,177998.0,0
2024-11-12,168922.0,0
2024-11-13,170388.0,0
2024-11-14,173333.0,0
2024-11-15,174485.0,0
2024-11-16,192303.0,0
2024-11-17,183243.0,0
2024-11-18,172146.0,0
2024-11-19,174822.0,0
2024-11-20,177530.0,0
2024-11-21,,1
2024-11-22,168152.0,0
2024-11-23,181809.0,0
2024-11-24,182911.0,0
2024-11-25,171520.0,0
2024-11-26,,1
2024-11-27,181936.0,0
2024-11-28,163509.0,0
2024-11-29,182754.0,0
2024-11-30,180782.0,0
2024-12-01,173524.0,0
2024-12-02,172936.0,0
2024-12-03,175405.0,0
2024-12-04,176696.0,0
2024-12-05,170523.0,0
2024-12-06,183898.0,0
2024-12-07,195086.0,0
2024-12-08,182865.0,0
2024-12-09,170666.0,0
2024-12-10,169266.0,0
2024-12-11,163895.0,0
2024-12-12,175236.0,0
2024-12-13,182860.0,0
2024-12-14,193722.0,0
2024-12-15,177094.0,0
2024-12-16,144641.0,0
2024-12-17,172461.0,0
2024-12-18,168805.0,0
2024-12-19,177202.0,0
2024-12-20,180051.0,0
2024-12-21,184888.0,0
2024-12-22,175889.0,0
2024-12-23,174591.0,0
2024-12-24,180816.0,0
2024-12-25,162670.0,0
2024-12-26,179003.0,0
2024-12-27,186099.0,0
2024-12-28,174177.0,0
2024-12-29,173079.0,0
2024-12-30,179863.0,0
2024-12-31,185892.0,0
