date,avg_wind_speed,precipitation,avg_rel_humid,avg_temp
2020-01-01T00:00:00,7.1,0.0,0.49,4.3
2020-01-02T00:00:00,3.6,0.0,0.51,4.3
2020-01-03T00:00:00,2.1,3.6,0.79,8.1
2020-01-04T00:00:00,3.8,6.1,0.88,8.4
2020-01-05T00:00:00,9.0,0.0,0.51,4.6
2020-01-06T00:00:00,5.7,0.5,0.59,2.9
2020-01-07T00:00:00,3.9,0.0,0.53,5.1
2020-01-08T00:00:00,8.0,0.0,0.56,2.5
2020-01-09T00:00:00,4.9,0.0,0.41,-1.8
2020-01-10T00:00:00,4.2,0.0,0.69,4.5
2020-01-11T00:00:00,4.6,0.0,0.75,12.7
2020-01-12T00:00:00,7.3,1.5,0.57,15.7
2020-01-13T00:00:00,4.0,0.0,0.79,6.1
2020-01-14T00:00:00,3.0,1.8,0.84,5.1
2020-01-15T00:00:00,3.8,0.0,0.66,6.9
2020-01-16T00:00:00,9.4,3.0,0.64,7.2
2020-01-17T00:00:00,8.6,0.0,0.38,-1.5
2020-01-18T00:00:00,3.9,4.6,0.64,-4.7
2020-01-19T00:00:00,7.5,0.0,0.59,3.7
2020-01-20T00:00:00,7.7,0.0,0.43,-2.6
2020-01-21T00:00:00,4.1,0.0,0.46,-3.4
2020-01-22T00:00:00,1.5,0.0,0.5,-0.5
2020-01-23T00:00:00,1.9,0.0,0.46,3.3
2020-01-24T00:00:00,3.2,0.0,0.65,4.8
2020-01-25T00:00:00,6.7,19.8,0.87,5.2
2020-01-26T00:00:00,5.6,0.0,0.6,5.9
2020-01-27T00:00:00,6.1,0.0,0.59,4.7
2020-01-28T00:00:00,7.2,0.0,0.57,4.2
2020-01-29T00:00:00,5.4,0.0,0.46,2.3
2020-01-30T00:00:00,3.6,0.0,0.55,-0.7
2020-01-31T00:00:00,2.9,0.3,0.74,2.0
2020-02-01T00:00:00,2.1,0.3,0.87,3.8
2020-02-02T00:00:00,3.9,1.5,0.73,3.9
2020-02-03T00:00:00,3.9,0.0,0.59,6.7
2020-02-04T00:00:00,2.4,0.3,0.76,8.0
2020-02-05T00:00:00,4.6,0.0,0.58,6.9
2020-02-06T00:00:00,5.0,14.2,0.93,3.5
2020-02-07T00:00:00,8.1,7.4,0.76,4.7
2020-02-08T00:00:00,6.3,0.0,0.47,1.3
2020-02-09T00:00:00,4.7,0.0,0.72,1.6
2020-02-10T00:00:00,4.2,10.4,0.77,6.3
2020-02-11T00:00:00,3.9,6.6,0.85,6.6
2020-02-12T00:00:00,5.9,3.3,0.51,5.8
2020-02-13T00:00:00,3.7,9.9,0.84,4.1
2020-02-14T00:00:00,7.8,0.0,0.44,1.6
2020-02-15T00:00:00,4.3,0.0,0.48,-5.8
2020-02-16T00:00:00,2.9,0.0,0.58,1.2
2020-02-17T00:00:00,3.2,0.0,0.46,6.3
2020-02-18T00:00:00,4.4,0.0,0.77,4.8
2020-02-19T00:00:00,6.4,0.0,0.44,6.4
2020-02-20T00:00:00,6.0,0.0,0.4,0.7
2020-02-21T00:00:00,4.5,0.0,0.34,-2.1
2020-02-22T00:00:00,4.5,0.0,0.24,3.4
2020-02-23T00:00:00,3.5,0.0,0.28,8.1
2020-02-24T00:00:00,3.2,0.0,0.45,9.4
2020-02-25T00:00:00,3.0,3.3,0.77,9.5
2020-02-26T00:00:00,4.2,0.5,0.89,7.1
2020-02-27T00:00:00,10.2,11.4,0.53,6.0
2020-02-28T00:00:00,8.3,0.0,0.32,1.4
2020-02-29T00:00:00,7.3,0.0,0.38,0.9
2020-03-01T00:00:00,6.0,0.0,0.42,0.1
2020-03-02T00:00:00,4.6,0.0,0.51,7.4
2020-03-03T00:00:00,4.3,7.4,0.73,11.8
2020-03-04T00:00:00,8.2,0.0,0.43,10.8
2020-03-05T00:00:00,5.8,0.0,0.48,8.0
2020-03-06T00:00:00,5.6,3.6,0.75,5.8
2020-03-07T00:00:00,6.5,0.0,0.41,4.8
2020-03-08T00:00:00,4.5,0.0,0.27,7.1
2020-03-09T00:00:00,5.0,0.0,0.26,14.2
2020-03-10T00:00:00,5.9,0.0,0.49,16.1
2020-03-11T00:00:00,3.8,0.0,0.43,11.7
2020-03-12T00:00:00,4.1,0.5,0.75,7.7
2020-03-13T00:00:00,7.2,6.9,0.59,11.7
2020-03-14T00:00:00,6.4,0.0,0.35,10.5
2020-03-15T00:00:00,4.2,0.0,0.34,8.4
2020-03-16T00:00:00,6.2,0.0,0.5,4.6
2020-03-17T00:00:00,3.9,3.8,0.7,7.3
2020-03-18T00:00:00,4.3,0.0,0.45,9.3
2020-03-19T00:00:00,4.3,25.9,0.8,7.8
2020-03-20T00:00:00,4.9,0.0,0.67,12.6
2020-03-21T00:00:00,5.9,0.0,0.37,12.3
2020-03-22T00:00:00,6.0,0.0,0.41,4.3
2020-03-23T00:00:00,6.5,36.6,0.78,3.7
2020-03-24T00:00:00,4.6,0.0,0.61,6.2
2020-03-25T00:00:00,7.0,0.3,0.72,6.4
2020-03-26T00:00:00,3.8,0.0,0.57,7.6
2020-03-27T00:00:00,2.8,0.0,0.46,13.3
2020-03-28T00:00:00,5.0,10.7,0.75,9.5
2020-03-29T00:00:00,8.2,0.3,0.92,7.3
2020-03-30T00:00:00,3.4,1.8,0.8,7.6
2020-03-31T00:00:00,4.1,1.8,0.69,7.1
2020-04-01T00:00:00,5.6,0.0,0.49,7.3
2020-04-02T00:00:00,8.8,0.0,0.45,9.3
2020-04-03T00:00:00,8.3,2.0,0.67,9.9
2020-04-04T00:00:00,4.0,0.0,0.68,10.9
2020-04-05T00:00:00,2.8,0.0,0.71,11.1
2020-04-06T00:00:00,4.0,1.5,0.43,12.6
2020-04-07T00:00:00,4.0,0.0,0.39,14.4
2020-04-08T00:00:00,3.1,5.8,0.73,12.9
2020-04-09T00:00:00,6.6,6.6,0.62,11.2
2020-04-10T00:00:00,9.8,0.3,0.48,7.4
2020-04-11T00:00:00,6.1,0.0,0.32,8.0
2020-04-12T00:00:00,4.7,0.0,0.52,11.4
2020-04-13T00:00:00,8.5,43.7,0.78,13.8
2020-04-14T00:00:00,5.6,0.0,0.43,13.1
2020-04-15T00:00:00,5.6,0.0,0.35,9.2
2020-04-16T00:00:00,8.3,0.0,0.38,8.4
2020-04-17T00:00:00,4.9,1.3,0.46,6.4
2020-04-18T00:00:00,4.7,5.1,0.7,6.8
2020-04-19T00:00:00,5.5,0.0,0.38,10.1
2020-04-20T00:00:00,3.2,0.0,0.43,12.2
2020-04-21T00:00:00,6.9,8.4,0.62,11.1
2020-04-22T00:00:00,8.1,0.0,0.31,6.5
2020-04-23T00:00:00,3.5,3.3,0.42,7.4
2020-04-24T00:00:00,5.4,12.2,0.84,8.2
2020-04-25T00:00:00,2.6,0.0,0.56,11.3
2020-04-26T00:00:00,7.1,1.8,0.79,9.5
2020-04-27T00:00:00,6.4,0.0,0.69,7.2
2020-04-28T00:00:00,4.0,0.0,0.53,10.4
2020-04-29T00:00:00,5.6,0.3,0.74,10.6
2020-04-30T00:00:00,8.4,22.1,0.83,12.6
2020-05-01T00:00:00,4.1,5.6,0.77,14.6
2020-05-02T00:00:00,5.1,0.0,0.37,16.6
2020-05-03T00:00:00,4.4,0.8,0.5,19.7
2020-05-04T00:00:00,6.8,0.0,0.41,19.5
2020-05-05T00:00:00,4.7,0.0,0.33,12.1
2020-05-06T00:00:00,4.5,0.8,0.68,10.9
2020-05-07T00:00:00,4.8,0.0,0.35,12.6
2020-05-08T00:00:00,4.0,9.7,0.57,11.7
2020-05-09T00:00:00,9.6,0.8,0.44,5.7
2020-05-10T00:00:00,7.0,0.0,0.31,10.2
2020-05-11T00:00:00,5.7,2.5,0.59,13.2
2020-05-12T00:00:00,7.7,0.0,0.36,10.6
2020-05-13T00:00:00,4.6,0.0,0.4,11.3
2020-05-14T00:00:00,4.0,0.0,0.48,13.7
2020-05-15T00:00:00,5.1,1.0,0.55,21.3
2020-05-16T00:00:00,4.8,0.0,0.52,22.1
2020-05-17T00:00:00,4.2,0.0,0.56,16.3
2020-05-18T00:00:00,4.7,0.0,0.64,15.2
2020-05-19T00:00:00,7.4,0.0,0.41,15.8
2020-05-20T00:00:00,5.6,0.0,0.45,13.9
2020-05-21T00:00:00,3.2,0.0,0.64,13.1
2020-05-22T00:00:00,3.2,0.3,0.71,17.6
2020-05-23T00:00:00,4.7,8.4,0.82,17.3
2020-05-24T00:00:00,5.1,0.0,0.64,14.8
2020-05-25T00:00:00,4.2,0.3,0.8,15.8
2020-05-26T00:00:00,3.1,0.0,0.76,18.3
2020-05-27T00:00:00,3.6,0.0,0.78,19.2
2020-05-28T00:00:00,4.9,0.0,0.84,20.2
2020-05-29T00:00:00,4.7,0.3,0.76,22.0
2020-05-30T00:00:00,5.2,0.0,0.49,22.6
2020-05-31T00:00:00,7.0,0.0,0.36,19.7
2020-06-01T00:00:00,4.5,0.0,0.37,16.7
2020-06-02T00:00:00,3.7,0.0,0.35,20.2
2020-06-03T00:00:00,4.0,4.8,0.66,22.6
2020-06-04T00:00:00,3.2,3.6,0.56,25.1
2020-06-05T00:00:00,3.9,6.9,0.77,23.9
2020-06-06T00:00:00,4.0,2.8,0.55,25.2
2020-06-07T00:00:00,5.0,0.0,0.41,22.7
2020-06-08T00:00:00,3.1,0.0,0.39,21.9
2020-06-09T00:00:00,3.7,0.0,0.38,25.9
2020-06-10T00:00:00,5.6,0.0,0.65,25.3
2020-06-11T00:00:00,4.6,1.3,0.77,23.2
2020-06-12T00:00:00,3.9,0.0,0.41,25.5
2020-06-13T00:00:00,4.7,0.0,0.4,21.6
2020-06-14T00:00:00,3.9,0.0,0.45,18.3
2020-06-15T00:00:00,3.9,0.0,0.52,20.0
2020-06-16T00:00:00,3.7,0.0,0.48,21.0
2020-06-17T00:00:00,4.5,0.0,0.65,21.1
2020-06-18T00:00:00,3.5,0.0,0.78,21.2
2020-06-19T00:00:00,3.8,0.0,0.65,23.6
2020-06-20T00:00:00,3.1,0.0,0.6,25.7
2020-06-21T00:00:00,3.2,0.0,0.58,26.3
2020-06-22T00:00:00,3.5,0.0,0.54,27.8
2020-06-23T00:00:00,4.9,0.0,0.62,27.4
2020-06-24T00:00:00,5.0,0.0,0.46,26.9
2020-06-25T00:00:00,3.8,0.0,0.41,27.3
2020-06-26T00:00:00,4.0,0.0,0.4,26.6
2020-06-27T00:00:00,2.7,6.4,0.58,26.9
2020-06-28T00:00:00,2.5,0.5,0.62,27.7
2020-06-29T00:00:00,3.9,1.8,0.6,26.2
2020-06-30T00:00:00,3.3,0.0,0.67,23.4
2020-07-01T00:00:00,3.0,0.0,0.68,23.5
2020-07-02T00:00:00,2.6,0.0,0.51,26.7
2020-07-03T00:00:00,3.6,9.1,0.6,28.9
2020-07-04T00:00:00,3.9,0.0,0.66,24.4
2020-07-05T00:00:00,3.3,0.0,0.55,27.3
2020-07-06T00:00:00,3.4,1.3,0.58,28.8
2020-07-07T00:00:00,4.5,0.0,0.76,24.1
2020-07-08T00:00:00,4.0,0.3,0.68,27.2
2020-07-09T00:00:00,3.6,0.0,0.62,28.4
2020-07-10T00:00:00,7.2,62.2,0.86,24.9
2020-07-11T00:00:00,4.9,1.5,0.71,26.4
2020-07-12T00:00:00,5.1,1.3,0.48,28.0
2020-07-13T00:00:00,4.0,0.0,0.48,28.3
2020-07-14T00:00:00,4.2,0.0,0.5,27.3
2020-07-15T00:00:00,4.4,0.0,0.65,25.2
2020-07-16T00:00:00,4.7,0.0,0.57,23.9
2020-07-17T00:00:00,3.8,1.0,0.71,24.4
2020-07-18T00:00:00,2.8,0.0,0.55,28.1
2020-07-19T00:00:00,4.7,0.0,0.52,30.6
2020-07-20T00:00:00,3.8,0.0,0.5,31.5
2020-07-21T00:00:00,3.5,0.0,0.47,30.6
2020-07-22T00:00:00,3.5,21.3,0.67,29.2
2020-07-23T00:00:00,4.2,0.8,0.66,27.3
2020-07-24T00:00:00,3.0,7.1,0.74,26.4
2020-07-25T00:00:00,2.9,0.0,0.62,27.8
2020-07-26T00:00:00,4.2,0.0,0.45,30.5
2020-07-27T00:00:00,5.1,0.0,0.4,32.2
2020-07-28T00:00:00,4.6,0.0,0.5,32.2
2020-07-29T00:00:00,3.8,0.0,0.56,29.2
2020-07-30T00:00:00,3.1,0.3,0.46,30.6
2020-07-31T00:00:00,2.5,14.2,0.7,25.6
2020-08-01T00:00:00,3.5,0.0,0.59,27.4
2020-08-02T00:00:00,6.1,0.0,0.69,28.0
2020-08-03T00:00:00,4.6,8.9,0.51,30.1
2020-08-04T00:00:00,7.2,11.4,0.71,25.9
2020-08-05T00:00:00,3.7,0.0,0.5,28.0
2020-08-06T00:00:00,2.8,0.0,0.57,26.0
2020-08-07T00:00:00,3.6,11.2,0.72,24.3
2020-08-08T00:00:00,2.8,0.0,0.71,24.8
2020-08-09T00:00:00,3.8,0.0,0.65,26.6
2020-08-10T00:00:00,3.8,0.0,0.6,29.3
2020-08-11T00:00:00,4.3,0.0,0.67,29.2
2020-08-12T00:00:00,2.6,37.8,0.7,28.2
2020-08-13T00:00:00,2.9,2.8,0.76,26.1
2020-08-14T00:00:00,3.8,0.0,0.64,26.3
2020-08-15T00:00:00,5.3,0.0,0.54,25.8
2020-08-16T00:00:00,6.5,3.3,0.76,22.2
2020-08-17T00:00:00,3.7,21.3,0.68,22.9
2020-08-18T00:00:00,2.9,3.3,0.57,24.0
2020-08-19T00:00:00,2.6,3.6,0.69,23.3
2020-08-20T00:00:00,3.0,0.0,0.49,23.4
2020-08-21T00:00:00,4.8,0.0,0.57,25.6
2020-08-22T00:00:00,3.8,0.0,0.57,27.9
2020-08-23T00:00:00,3.1,0.0,0.65,27.8
2020-08-24T00:00:00,3.7,0.0,0.55,28.9
2020-08-25T00:00:00,4.7,9.1,0.52,29.3
2020-08-26T00:00:00,5.8,0.0,0.45,24.2
2020-08-27T00:00:00,4.1,10.9,0.55,26.9
2020-08-28T00:00:00,4.2,0.3,0.61,26.8
2020-08-29T00:00:00,4.7,0.5,0.74,25.4
2020-08-30T00:00:00,6.5,0.0,0.48,24.7
2020-08-31T00:00:00,3.4,0.0,0.55,22.2
2020-09-01T00:00:00,4.2,4.6,0.71,23.2
2020-09-02T00:00:00,3.5,2.8,0.81,23.8
2020-09-03T00:00:00,2.9,29.5,0.6,26.6
2020-09-04T00:00:00,4.0,0.0,0.54,25.9
2020-09-05T00:00:00,3.6,0.0,0.42,24.2
2020-09-06T00:00:00,3.8,0.0,0.5,24.3
2020-09-07T00:00:00,3.8,0.0,0.61,24.1
2020-09-08T00:00:00,3.1,0.0,0.67,24.4
2020-09-09T00:00:00,3.0,1.5,0.73,24.1
2020-09-10T00:00:00,2.9,36.3,0.8,25.7
2020-09-11T00:00:00,4.2,0.0,0.62,24.4
2020-09-12T00:00:00,5.0,0.0,0.61,20.2
2020-09-13T00:00:00,4.3,0.0,0.68,20.9
2020-09-14T00:00:00,6.0,0.0,0.52,23.5
2020-09-15T00:00:00,3.9,0.0,0.52,16.8
2020-09-16T00:00:00,3.7,0.0,0.58,18.7
2020-09-17T00:00:00,3.1,0.0,0.69,21.8
2020-09-18T00:00:00,6.4,0.0,0.54,20.4
2020-09-19T00:00:00,5.2,0.0,0.35,15.1
2020-09-20T00:00:00,5.5,0.0,0.37,14.8
2020-09-21T00:00:00,3.8,0.0,0.4,15.2
2020-09-22T00:00:00,4.9,0.0,0.38,17.1
2020-09-23T00:00:00,4.8,0.0,0.44,21.0
2020-09-24T00:00:00,2.6,0.0,0.5,22.7
2020-09-25T00:00:00,2.5,0.0,0.67,21.9
2020-09-26T00:00:00,3.2,0.0,0.73,21.7
2020-09-27T00:00:00,3.1,0.5,0.78,22.6
2020-09-28T00:00:00,5.3,0.5,0.77,23.1
2020-09-29T00:00:00,4.8,7.9,0.84,22.1
2020-09-30T00:00:00,6.7,22.4,0.58,20.5
2020-10-01T00:00:00,4.1,0.0,0.51,19.6
2020-10-02T00:00:00,4.0,0.8,0.56,17.6
2020-10-03T00:00:00,3.3,0.0,0.48,16.4
2020-10-04T00:00:00,3.6,0.0,0.59,15.9
2020-10-05T00:00:00,3.1,0.0,0.64,16.9
2020-10-06T00:00:00,3.7,0.0,0.56,17.9
2020-10-07T00:00:00,6.5,0.5,0.53,19.8
2020-10-08T00:00:00,6.4,0.0,0.47,16.6
2020-10-09T00:00:00,3.1,0.0,0.45,16.1
2020-10-10T00:00:00,5.4,0.0,0.64,18.9
2020-10-11T00:00:00,4.7,0.3,0.62,19.6
2020-10-12T00:00:00,8.3,24.1,0.84,13.2
2020-10-13T00:00:00,6.5,6.6,0.86,14.0
2020-10-14T00:00:00,3.9,0.0,0.5,16.2
2020-10-15T00:00:00,5.2,0.0,0.67,18.3
2020-10-16T00:00:00,4.4,36.3,0.81,16.1
2020-10-17T00:00:00,3.4,0.8,0.47,12.1
2020-10-18T00:00:00,2.9,0.0,0.6,13.8
2020-10-19T00:00:00,2.6,0.0,0.71,15.2
2020-10-20T00:00:00,2.4,0.3,0.78,17.9
2020-10-21T00:00:00,2.6,0.0,0.83,18.3
2020-10-22T00:00:00,1.6,0.0,0.84,19.3
2020-10-23T00:00:00,2.9,0.0,0.82,19.0
2020-10-24T00:00:00,4.7,0.0,0.68,18.5
2020-10-25T00:00:00,4.9,0.5,0.58,10.7
2020-10-26T00:00:00,3.6,0.8,0.88,12.6
2020-10-27T00:00:00,3.1,0.0,0.7,14.3
2020-10-28T00:00:00,2.7,3.3,0.78,13.2
2020-10-29T00:00:00,6.4,40.4,0.82,12.7
2020-10-30T00:00:00,6.5,16.5,0.81,6.4
2020-10-31T00:00:00,2.7,0.0,0.58,4.7
2020-11-01T00:00:00,6.3,10.9,0.64,10.2
2020-11-02T00:00:00,9.6,0.0,0.42,7.4
2020-11-03T00:00:00,7.1,0.0,0.43,8.5
2020-11-04T00:00:00,3.7,0.0,0.54,10.6
2020-11-05T00:00:00,3.5,0.0,0.7,14.9
2020-11-06T00:00:00,3.1,0.0,0.58,16.7
2020-11-07T00:00:00,1.8,0.0,0.43,18.8
2020-11-08T00:00:00,1.0,0.0,0.48,19.0
2020-11-09T00:00:00,1.4,0.0,0.62,17.2
2020-11-10T00:00:00,3.8,0.0,0.7,18.6
2020-11-11T00:00:00,3.0,16.0,0.86,18.9
2020-11-12T00:00:00,4.7,7.1,0.76,16.1
2020-11-13T00:00:00,4.3,4.1,0.81,9.8
2020-11-14T00:00:00,5.5,0.0,0.47,10.3
2020-11-15T00:00:00,7.0,3.3,0.61,10.0
2020-11-16T00:00:00,6.7,0.0,0.37,12.5
2020-11-17T00:00:00,6.7,0.0,0.44,9.2
2020-11-18T00:00:00,8.0,0.0,0.46,3.1
2020-11-19T00:00:00,4.4,0.0,0.43,3.7
2020-11-20T00:00:00,4.6,0.0,0.43,11.4
2020-11-21T00:00:00,4.0,0.0,0.43,15.2
2020-11-22T00:00:00,5.8,0.0,0.67,10.1
2020-11-23T00:00:00,7.4,17.3,0.63,13.2
2020-11-24T00:00:00,5.0,0.0,0.46,8.0
2020-11-25T00:00:00,3.3,0.0,0.55,9.8
2020-11-26T00:00:00,3.4,22.4,0.71,14.9
2020-11-27T00:00:00,2.8,0.0,0.57,14.9
2020-11-28T00:00:00,3.8,0.0,0.52,12.1
2020-11-29T00:00:00,2.6,0.0,0.41,9.4
2020-11-30T00:00:00,6.9,31.2,0.77,13.3
2020-12-01T00:00:00,6.2,0.0,0.62,13.2
2020-12-02T00:00:00,7.3,0.0,0.52,5.4
2020-12-03T00:00:00,4.5,0.0,0.41,6.2
2020-12-04T00:00:00,4.1,3.3,0.59,9.9
2020-12-05T00:00:00,7.5,25.7,0.69,7.9
2020-12-06T00:00:00,9.2,0.0,0.49,4.8
2020-12-07T00:00:00,4.6,0.0,0.5,2.9
2020-12-08T00:00:00,6.7,0.0,0.56,1.6
2020-12-09T00:00:00,5.4,0.5,0.61,2.4
2020-12-10T00:00:00,4.7,0.0,0.56,6.4
2020-12-11T00:00:00,3.1,0.0,0.64,8.2
2020-12-12T00:00:00,2.6,0.0,0.84,9.8
2020-12-13T00:00:00,4.6,0.0,0.61,13.2
2020-12-14T00:00:00,4.6,5.8,0.65,6.8
2020-12-15T00:00:00,6.5,0.0,0.44,3.6
2020-12-16T00:00:00,9.5,8.9,0.61,-0.3
2020-12-17T00:00:00,8.0,8.6,0.75,-0.9
2020-12-18T00:00:00,4.7,0.0,0.55,-1.1
2020-12-19T00:00:00,2.1,0.0,0.55,-1.7
2020-12-20T00:00:00,1.9,0.3,0.69,1.6
2020-12-21T00:00:00,2.4,0.0,0.69,4.9
2020-12-22T00:00:00,6.1,0.0,0.58,6.1
2020-12-23T00:00:00,4.0,0.0,0.51,5.8
2020-12-24T00:00:00,7.7,4.3,0.75,10.1
2020-12-25T00:00:00,9.7,18.8,0.73,13.6
2020-12-26T00:00:00,7.1,0.0,0.47,-0.5
2020-12-27T00:00:00,2.9,0.0,0.5,-0.2
2020-12-28T00:00:00,3.5,0.0,0.56,6.1
2020-12-29T00:00:00,7.2,0.0,0.41,5.6
2020-12-30T00:00:00,4.5,0.0,0.46,1.8
2020-12-31T00:00:00,4.8,13.5,0.64,7.7
2021-01-01T00:00:00,3.6,16.8,0.66,3.4
2021-01-02T00:00:00,5.9,1.5,0.67,6.2
2021-01-03T00:00:00,6.8,4.1,0.77,3.8
2021-01-04T00:00:00,3.5,0.3,0.71,4.2
2021-01-05T00:00:00,3.7,0.0,0.64,4.6
2021-01-06T00:00:00,6.6,0.0,0.61,4.2
2021-01-07T00:00:00,6.2,0.0,0.53,3.2
2021-01-08T00:00:00,5.0,0.0,0.57,1.3
2021-01-09T00:00:00,6.5,0.0,0.48,0.3
2021-01-10T00:00:00,4.1,0.0,0.51,2.4
2021-01-11T00:00:00,1.4,0.0,0.61,1.2
2021-01-12T00:00:00,2.9,0.0,0.54,3.8
2021-01-13T00:00:00,2.6,0.0,0.5,4.5
2021-01-14T00:00:00,2.0,0.0,0.6,6.4
2021-01-15T00:00:00,5.3,9.1,0.78,5.6
2021-01-16T00:00:00,6.4,20.1,0.7,7.3
2021-01-17T00:00:00,6.9,0.0,0.47,5.3
2021-01-18T00:00:00,5.7,0.0,0.5,6.5
2021-01-19T00:00:00,6.6,0.0,0.47,4.6
2021-01-20T00:00:00,5.9,0.5,0.48,4.1
2021-01-21T00:00:00,3.6,0.0,0.45,1.1
2021-01-22T00:00:00,6.9,0.0,0.41,6.2
2021-01-23T00:00:00,9.3,0.0,0.4,1.4
2021-01-24T00:00:00,7.9,0.0,0.4,-1.9
2021-01-25T00:00:00,3.8,0.0,0.42,-0.4
2021-01-26T00:00:00,4.9,1.8,0.67,1.4
2021-01-27T00:00:00,5.1,0.0,0.64,2.4
2021-01-28T00:00:00,8.7,0.0,0.47,0.6
2021-01-29T00:00:00,10.7,0.0,0.45,-4.9
2021-01-30T00:00:00,6.1,0.0,0.43,-4.4
2021-01-31T00:00:00,4.5,1.3,0.6,-4.0
2021-02-01T00:00:00,11.6,21.8,0.88,-2.0
2021-02-02T00:00:00,7.8,2.5,0.79,0.5
2021-02-03T00:00:00,6.2,0.0,0.63,0.8
2021-02-04T00:00:00,5.0,0.0,0.51,2.4
2021-02-05T00:00:00,4.1,1.5,0.6,4.9
2021-02-06T00:00:00,6.0,0.0,0.36,4.9
2021-02-07T00:00:00,5.0,9.9,0.75,2.3
2021-02-08T00:00:00,5.2,0.0,0.48,-3.2
2021-02-09T00:00:00,4.0,0.3,0.75,-1.3
2021-02-10T00:00:00,3.3,0.0,0.54,-0.8
2021-02-11T00:00:00,4.0,2.5,0.63,-1.2
2021-02-12T00:00:00,3.3,0.0,0.38,-2.8
2021-02-13T00:00:00,4.9,0.0,0.43,-2.1
2021-02-14T00:00:00,3.2,0.0,0.69,-0.1
2021-02-15T00:00:00,3.6,0.3,0.74,1.1
2021-02-16T00:00:00,5.5,21.6,0.7,4.7
2021-02-17T00:00:00,5.2,0.0,0.39,-0.3
2021-02-18T00:00:00,5.6,8.1,0.72,-1.9
2021-02-19T00:00:00,5.1,2.5,0.83,-1.0
2021-02-20T00:00:00,6.8,0.0,0.55,0.4
2021-02-21T00:00:00,4.6,0.0,0.47,-0.6
2021-02-22T00:00:00,4.6,14.2,0.7,1.4
2021-02-23T00:00:00,6.0,0.3,0.59,4.4
2021-02-24T00:00:00,5.1,0.0,0.51,7.9
2021-02-25T00:00:00,7.5,0.0,0.37,8.2
2021-02-26T00:00:00,4.1,0.0,0.42,4.9
2021-02-27T00:00:00,3.7,11.9,0.79,6.1
2021-02-28T00:00:00,3.5,7.4,0.77,6.1
2021-03-01T00:00:00,7.0,3.8,0.67,6.0
2021-03-02T00:00:00,9.3,0.0,0.33,-0.6
2021-03-03T00:00:00,4.4,0.0,0.36,4.3
2021-03-04T00:00:00,9.0,0.0,0.45,5.9
2021-03-05T00:00:00,9.5,0.0,0.33,-0.6
2021-03-06T00:00:00,7.2,0.0,0.43,1.0
2021-03-07T00:00:00,5.5,0.0,0.41,0.7
2021-03-08T00:00:00,3.6,0.0,0.33,1.5
2021-03-09T00:00:00,4.9,0.0,0.31,9.7
2021-03-10T00:00:00,3.2,0.0,0.6,8.3
2021-03-11T00:00:00,3.5,0.0,0.59,11.8
2021-03-12T00:00:00,7.0,0.0,0.32,16.1
2021-03-13T00:00:00,6.9,0.0,0.25,7.9
2021-03-14T00:00:00,9.3,0.0,0.31,8.3
2021-03-15T00:00:00,7.9,0.0,0.26,0.0
2021-03-16T00:00:00,3.8,0.0,0.44,0.4
2021-03-17T00:00:00,3.2,0.0,0.7,3.7
2021-03-18T00:00:00,3.9,14.0,0.83,6.8
2021-03-19T00:00:00,7.6,2.5,0.33,3.7
2021-03-20T00:00:00,2.7,0.0,0.35,6.4
2021-03-21T00:00:00,2.3,0.0,0.44,9.3
2021-03-22T00:00:00,3.0,0.0,0.6,8.7
2021-03-23T00:00:00,3.4,0.0,0.74,8.8
2021-03-24T00:00:00,4.3,33.3,0.86,8.9
2021-03-25T00:00:00,2.4,0.5,0.84,11.7
2021-03-26T00:00:00,7.2,0.5,0.6,16.3
2021-03-27T00:00:00,4.6,0.0,0.52,14.4
2021-03-28T00:00:00,4.9,15.2,0.8,11.3
2021-03-29T00:00:00,8.1,0.0,0.37,10.7
2021-03-30T00:00:00,5.3,0.0,0.54,10.1
2021-03-31T00:00:00,4.5,9.4,0.79,12.6
2021-04-01T00:00:00,8.0,0.5,0.6,9.7
2021-04-02T00:00:00,7.5,0.0,0.4,2.4
2021-04-03T00:00:00,4.4,0.0,0.3,4.8
2021-04-04T00:00:00,3.4,0.0,0.36,10.8
2021-04-05T00:00:00,7.9,0.0,0.28,13.9
2021-04-06T00:00:00,4.3,0.0,0.28,14.1
2021-04-07T00:00:00,2.6,0.0,0.41,14.9
2021-04-08T00:00:00,2.5,0.0,0.55,14.1
2021-04-09T00:00:00,3.2,0.0,0.75,11.4
2021-04-10T00:00:00,3.0,0.0,0.75,13.1
2021-04-11T00:00:00,5.1,10.2,0.91,12.1
2021-04-12T00:00:00,4.3,12.4,0.77,8.9
2021-04-13T00:00:00,3.0,1.5,0.58,10.9
2021-04-14T00:00:00,3.4,0.0,0.57,14.8
2021-04-15T00:00:00,4.3,23.4,0.84,12.3
2021-04-16T00:00:00,5.8,1.0,0.65,8.4
2021-04-17T00:00:00,4.0,0.0,0.55,9.1
2021-04-18T00:00:00,3.4,0.0,0.52,12.5
2021-04-19T00:00:00,2.6,0.0,0.48,14.4
2021-04-20T00:00:00,4.7,0.0,0.45,16.7
2021-04-21T00:00:00,7.0,6.9,0.59,14.3
2021-04-22T00:00:00,8.8,0.0,0.36,5.8
2021-04-23T00:00:00,6.9,0.0,0.28,10.0
2021-04-24T00:00:00,4.7,0.0,0.31,16.2
2021-04-25T00:00:00,4.4,12.7,0.64,13.4
2021-04-26T00:00:00,8.2,0.0,0.34,11.4
2021-04-27T00:00:00,2.8,0.0,0.35,12.6
2021-04-28T00:00:00,3.0,0.8,0.61,15.8
2021-04-29T00:00:00,3.8,0.0,0.68,18.1
2021-04-30T00:00:00,10.2,0.5,0.43,19.1
2021-05-01T00:00:00,7.4,0.0,0.36,11.4
2021-05-02T00:00:00,5.0,0.0,0.36,19.4
2021-05-03T00:00:00,3.7,8.4,0.72,15.8
2021-05-04T00:00:00,3.8,7.6,0.78,14.3
2021-05-05T00:00:00,4.4,7.4,0.83,12.6
2021-05-06T00:00:00,6.1,0.0,0.41,14.3
2021-05-07T00:00:00,4.7,0.0,0.46,14.3
2021-05-08T00:00:00,3.4,1.0,0.63,11.5
2021-05-09T00:00:00,4.6,11.4,0.63,12.0
2021-05-10T00:00:00,4.6,0.5,0.64,11.4
2021-05-11T00:00:00,5.7,0.0,0.38,14.7
2021-05-12T00:00:00,5.8,0.0,0.38,14.1
2021-05-13T00:00:00,3.4,0.0,0.31,16.7
2021-05-14T00:00:00,3.5,0.0,0.28,18.7
2021-05-15T00:00:00,2.8,0.0,0.29,20.0
2021-05-16T00:00:00,3.1,0.0,0.36,20.7
2021-05-17T00:00:00,3.0,0.0,0.38,19.8
2021-05-18T00:00:00,3.7,0.0,0.31,22.4
2021-05-19T00:00:00,3.8,0.0,0.35,24.8
2021-05-20T00:00:00,3.8,0.0,0.41,20.4
2021-05-21T00:00:00,3.8,0.0,0.44,19.7
2021-05-22T00:00:00,3.5,0.0,0.48,23.0
2021-05-23T00:00:00,6.7,0.0,0.5,26.4
2021-05-24T00:00:00,5.4,0.0,0.44,19.3
2021-05-25T00:00:00,5.1,0.0,0.57,17.8
2021-05-26T00:00:00,4.6,1.8,0.65,22.8
2021-05-27T00:00:00,5.5,0.3,0.48,23.8
2021-05-28T00:00:00,7.4,29.0,0.58,17.7
2021-05-29T00:00:00,8.5,11.7,0.78,10.3
2021-05-30T00:00:00,5.7,20.6,0.84,10.1
2021-05-31T00:00:00,4.0,0.3,0.66,13.5
2021-06-01T00:00:00,2.7,0.0,0.56,19.0
2021-06-02T00:00:00,3.7,0.0,0.59,20.3
2021-06-03T00:00:00,2.8,7.9,0.84,18.6
2021-06-04T00:00:00,2.9,17.0,0.76,21.8
2021-06-05T00:00:00,3.7,0.0,0.49,25.3
2021-06-06T00:00:00,4.3,0.0,0.44,30.3
2021-06-07T00:00:00,3.5,0.0,0.6,28.8
2021-06-08T00:00:00,2.8,11.9,0.71,26.8
2021-06-09T00:00:00,2.2,0.0,0.63,26.7
2021-06-10T00:00:00,4.4,0.0,0.5,25.5
2021-06-11T00:00:00,4.0,0.0,0.66,18.6
2021-06-12T00:00:00,3.8,0.0,0.69,18.8
2021-06-13T00:00:00,3.3,0.0,0.63,20.1
2021-06-14T00:00:00,4.2,2.5,0.76,20.3
2021-06-15T00:00:00,4.4,0.0,0.59,22.8
2021-06-16T00:00:00,5.6,0.0,0.41,21.3
2021-06-17T00:00:00,3.0,0.0,0.3,21.3
2021-06-18T00:00:00,4.7,0.0,0.38,24.4
2021-06-19T00:00:00,4.1,2.8,0.56,26.2
2021-06-20T00:00:00,3.7,0.0,0.57,24.9
2021-06-21T00:00:00,5.3,0.0,0.68,26.8
2021-06-22T00:00:00,5.1,4.3,0.71,23.4
2021-06-23T00:00:00,4.6,0.0,0.45,19.0
2021-06-24T00:00:00,3.8,0.0,0.52,21.1
2021-06-25T00:00:00,4.2,0.0,0.68,21.2
2021-06-26T00:00:00,5.1,0.0,0.72,24.4
2021-06-27T00:00:00,5.4,0.0,0.65,26.9
2021-06-28T00:00:00,5.1,0.0,0.57,29.2
2021-06-29T00:00:00,4.7,0.0,0.49,31.4
2021-06-30T00:00:00,5.1,15.5,0.51,33.0
2021-07-01T00:00:00,2.7,18.3,0.73,26.7
2021-07-02T00:00:00,4.0,21.8,0.77,23.4
2021-07-03T00:00:00,5.0,4.8,0.79,17.9
2021-07-04T00:00:00,2.7,0.0,0.65,20.2
2021-07-05T00:00:00,4.5,0.0,0.67,23.1
2021-07-06T00:00:00,5.6,5.3,0.6,28.9
2021-07-07T00:00:00,3.4,0.0,0.59,27.9
2021-07-08T00:00:00,4.5,24.1,0.78,26.2
2021-07-09T00:00:00,4.9,46.0,0.73,24.9
2021-07-10T00:00:00,3.1,1.5,0.72,24.7
2021-07-11T00:00:00,3.7,0.0,0.75,24.1
2021-07-12T00:00:00,4.1,15.2,0.81,25.2
2021-07-13T00:00:00,4.2,0.3,0.86,21.9
2021-07-14T00:00:00,3.1,0.0,0.72,24.4
2021-07-15T00:00:00,3.6,0.0,0.62,27.7
2021-07-16T00:00:00,3.0,0.0,0.53,30.5
2021-07-17T00:00:00,3.2,13.5,0.68,29.0
2021-07-18T00:00:00,4.6,2.0,0.67,26.2
2021-07-19T00:00:00,3.2,0.3,0.65,24.4
2021-07-20T00:00:00,2.9,0.0,0.57,27.2
2021-07-21T00:00:00,3.3,4.1,0.61,26.5
2021-07-22T00:00:00,4.5,0.0,0.5,24.2
2021-07-23T00:00:00,3.4,0.0,0.45,24.6
2021-07-24T00:00:00,4.1,0.0,0.54,24.7
2021-07-25T00:00:00,4.6,11.2,0.69,24.8
2021-07-26T00:00:00,2.7,35.1,0.54,27.6
2021-07-27T00:00:00,3.3,0.0,0.46,28.5
2021-07-28T00:00:00,3.9,5.1,0.63,24.9
2021-07-29T00:00:00,6.1,6.6,0.74,24.3
2021-07-30T00:00:00,6.8,0.0,0.51,24.9
2021-07-31T00:00:00,3.7,0.0,0.46,21.9
2021-08-01T00:00:00,3.9,2.3,0.62,23.2
2021-08-02T00:00:00,4.9,0.0,0.53,22.3
2021-08-03T00:00:00,2.1,0.0,0.49,23.2
2021-08-04T00:00:00,3.3,0.0,0.65,23.0
2021-08-05T00:00:00,3.8,0.0,0.68,22.8
2021-08-06T00:00:00,3.6,0.0,0.54,26.1
2021-08-07T00:00:00,4.1,0.0,0.53,27.1
2021-08-08T00:00:00,4.5,8.1,0.74,23.4
2021-08-09T00:00:00,4.0,0.5,0.77,23.1
2021-08-10T00:00:00,3.2,10.2,0.75,25.2
2021-08-11T00:00:00,3.9,1.8,0.68,27.1
2021-08-12T00:00:00,3.6,0.0,0.55,29.2
2021-08-13T00:00:00,2.8,0.0,0.5,31.2
2021-08-14T00:00:00,4.2,0.0,0.51,30.6
2021-08-15T00:00:00,3.7,0.0,0.46,25.3
2021-08-16T00:00:00,3.8,0.0,0.57,24.3
2021-08-17T00:00:00,4.7,0.0,0.62,25.2
2021-08-18T00:00:00,4.3,0.0,0.76,25.8
2021-08-19T00:00:00,6.2,7.4,0.64,27.9
2021-08-20T00:00:00,3.2,2.3,0.66,26.7
2021-08-21T00:00:00,3.6,30.0,0.76,26.3
2021-08-22T00:00:00,4.9,58.4,0.85,24.0
2021-08-23T00:00:00,5.1,20.6,0.75,24.8
2021-08-24T00:00:00,3.4,0.0,0.53,27.9
2021-08-25T00:00:00,2.0,0.0,0.53,29.1
2021-08-26T00:00:00,2.7,0.0,0.56,30.4
2021-08-27T00:00:00,1.7,34.0,0.64,29.7
2021-08-28T00:00:00,5.5,0.0,0.73,24.9
2021-08-29T00:00:00,3.2,0.0,0.81,21.5
2021-08-30T00:00:00,3.6,0.0,0.71,25.7
2021-08-31T00:00:00,3.2,0.0,0.59,27.5
2021-09-01T00:00:00,6.9,172.7,0.79,24.3
2021-09-02T00:00:00,6.4,2.3,0.59,20.8
2021-09-03T00:00:00,3.8,0.0,0.59,20.3
2021-09-04T00:00:00,3.1,0.0,0.58,22.1
2021-09-05T00:00:00,4.3,1.3,0.77,22.6
2021-09-06T00:00:00,4.4,0.0,0.59,24.7
2021-09-07T00:00:00,4.0,0.0,0.57,23.9
2021-09-08T00:00:00,6.3,0.0,0.73,25.0
2021-09-09T00:00:00,2.6,7.4,0.79,22.5
2021-09-10T00:00:00,6.3,0.0,0.51,21.5
2021-09-11T00:00:00,3.7,0.0,0.45,22.0
2021-09-12T00:00:00,5.6,0.0,0.56,24.1
2021-09-13T00:00:00,5.5,0.8,0.57,27.1
2021-09-14T00:00:00,3.4,0.0,0.67,24.1
2021-09-15T00:00:00,3.7,0.0,0.68,25.8
2021-09-16T00:00:00,5.4,0.0,0.71,24.1
2021-09-17T00:00:00,5.7,0.0,0.81,22.6
2021-09-18T00:00:00,3.1,0.0,0.64,24.5
2021-09-19T00:00:00,3.4,0.0,0.5,23.3
2021-09-20T00:00:00,3.1,0.0,0.61,21.4
2021-09-21T00:00:00,3.8,0.3,0.7,20.9
2021-09-22T00:00:00,5.7,0.0,0.78,23.5
2021-09-23T00:00:00,6.4,28.2,0.74,25.6
2021-09-24T00:00:00,3.8,6.9,0.55,20.0
2021-09-25T00:00:00,2.2,0.0,0.53,20.8
2021-09-26T00:00:00,5.7,0.0,0.45,20.7
2021-09-27T00:00:00,5.7,0.0,0.4,22.2
2021-09-28T00:00:00,4.5,2.5,0.62,22.1
2021-09-29T00:00:00,4.6,0.0,0.47,18.0
2021-09-30T00:00:00,4.1,0.0,0.51,17.5
2021-10-01T00:00:00,3.4,0.0,0.5,16.3
2021-10-02T00:00:00,3.3,0.0,0.49,19.5
2021-10-03T00:00:00,2.5,0.0,0.62,22.1
2021-10-04T00:00:00,4.6,2.8,0.85,21.4
2021-10-05T00:00:00,3.7,0.0,0.78,17.2
2021-10-06T00:00:00,1.9,0.0,0.69,18.6
2021-10-07T00:00:00,1.8,0.0,0.7,20.7
2021-10-08T00:00:00,3.2,0.0,0.71,20.7
2021-10-09T00:00:00,6.3,0.0,0.71,18.9
2021-10-10T00:00:00,7.6,2.8,0.81,18.3
2021-10-11T00:00:00,5.8,0.0,0.7,19.4
2021-10-12T00:00:00,2.8,0.0,0.74,19.2
2021-10-13T00:00:00,1.9,0.0,0.73,19.8
2021-10-14T00:00:00,3.0,0.0,0.64,21.7
2021-10-15T00:00:00,2.4,0.0,0.62,22.5
2021-10-16T00:00:00,6.0,4.1,0.68,22.2
2021-10-17T00:00:00,6.7,0.3,0.57,15.8
2021-10-18T00:00:00,6.7,0.0,0.54,13.4
2021-10-19T00:00:00,5.9,0.0,0.44,13.9
2021-10-20T00:00:00,4.7,0.0,0.42,20.0
2021-10-21T00:00:00,3.8,0.0,0.54,21.1
2021-10-22T00:00:00,4.6,0.0,0.55,19.7
2021-10-23T00:00:00,3.7,0.0,0.57,14.2
2021-10-24T00:00:00,3.0,0.8,0.57,13.1
2021-10-25T00:00:00,3.8,10.2,0.78,18.4
2021-10-26T00:00:00,7.0,63.0,0.83,17.1
2021-10-27T00:00:00,7.2,3.6,0.63,15.1
2021-10-28T00:00:00,4.2,0.0,0.62,12.9
2021-10-29T00:00:00,7.6,8.6,0.68,12.4
2021-10-30T00:00:00,4.8,4.1,0.78,15.4
2021-10-31T00:00:00,4.8,1.5,0.67,16.0
2021-11-01T00:00:00,5.5,0.0,0.47,15.2
2021-11-02T00:00:00,3.4,0.0,0.47,12.3
2021-11-03T00:00:00,5.0,0.0,0.48,9.5
2021-11-04T00:00:00,3.1,0.0,0.43,8.5
2021-11-05T00:00:00,3.6,0.0,0.44,8.9
2021-11-06T00:00:00,2.3,0.0,0.47,9.4
2021-11-07T00:00:00,2.0,0.0,0.51,9.7
2021-11-08T00:00:00,2.7,0.0,0.48,13.1
2021-11-09T00:00:00,1.5,0.0,0.53,15.5
2021-11-10T00:00:00,3.8,0.0,0.47,16.4
2021-11-11T00:00:00,4.0,0.0,0.62,12.4
2021-11-12T00:00:00,6.1,8.9,0.65,17.3
2021-11-13T00:00:00,5.9,5.8,0.58,12.8
2021-11-14T00:00:00,4.7,0.3,0.55,7.2
2021-11-15T00:00:00,5.9,0.3,0.6,7.7
2021-11-16T00:00:00,5.5,0.0,0.46,7.1
2021-11-17T00:00:00,3.1,0.0,0.58,9.3
2021-11-18T00:00:00,4.2,1.3,0.65,15.2
2021-11-19T00:00:00,7.5,0.8,0.46,9.9
2021-11-20T00:00:00,3.1,0.0,0.49,6.3
2021-11-21T00:00:00,3.9,0.0,0.6,9.8
2021-11-22T00:00:00,5.9,1.0,0.59,11.2
2021-11-23T00:00:00,7.8,0.0,0.47,3.9
2021-11-24T00:00:00,5.3,0.0,0.43,3.5
2021-11-25T00:00:00,2.7,0.0,0.37,8.6
2021-11-26T00:00:00,7.2,2.0,0.6,8.9
2021-11-27T00:00:00,7.9,0.0,0.47,4.0
2021-11-28T00:00:00,2.3,0.0,0.65,2.9
2021-11-29T00:00:00,5.9,0.3,0.56,5.3
2021-11-30T00:00:00,4.2,0.0,0.54,3.1
2021-12-01T00:00:00,4.4,0.0,0.44,7.4
2021-12-02T00:00:00,5.5,1.0,0.62,11.3
2021-12-03T00:00:00,7.8,0.0,0.42,9.3
2021-12-04T00:00:00,3.1,0.0,0.49,5.9
2021-12-05T00:00:00,3.2,0.0,0.39,7.4
2021-12-06T00:00:00,6.4,11.2,0.77,10.7
2021-12-07T00:00:00,4.9,0.0,0.42,7.0
2021-12-08T00:00:00,4.1,1.0,0.64,4.5
2021-12-09T00:00:00,5.1,0.0,0.47,2.8
2021-12-10T00:00:00,3.0,0.0,0.55,6.7
2021-12-11T00:00:00,4.7,3.6,0.8,10.8
2021-12-12T00:00:00,7.5,0.0,0.34,10.7
2021-12-13T00:00:00,5.3,0.0,0.29,8.3
2021-12-14T00:00:00,4.1,0.0,0.36,10.1
2021-12-15T00:00:00,3.5,0.0,0.59,8.3
2021-12-16T00:00:00,5.1,0.0,0.56,13.6
2021-12-17T00:00:00,5.5,0.0,0.31,15.2
2021-12-18T00:00:00,3.4,2.3,0.74,7.6
2021-12-19T00:00:00,7.1,0.3,0.59,5.7
2021-12-20T00:00:00,3.8,0.0,0.48,0.0
2021-12-21T00:00:00,2.7,0.0,0.53,2.9
2021-12-22T00:00:00,7.2,4.1,0.58,6.2
2021-12-23T00:00:00,6.3,0.0,0.46,1.8
2021-12-24T00:00:00,3.5,0.5,0.75,1.7
2021-12-25T00:00:00,2.5,4.1,0.83,4.7
2021-12-26T00:00:00,8.5,0.0,0.54,8.7
2021-12-27T00:00:00,3.8,2.0,0.59,3.7
2021-12-28T00:00:00,2.9,1.3,0.67,5.2
2021-12-29T00:00:00,3.6,4.1,0.84,6.3
2021-12-30T00:00:00,2.5,1.3,0.85,7.2
2021-12-31T00:00:00,2.9,0.0,0.81,10.0
2022-01-01T00:00:00,2.8,19.3,0.89,11.6
2022-01-02T00:00:00,4.3,1.0,0.8,11.4
2022-01-03T00:00:00,6.4,0.0,0.49,1.4
2022-01-04T00:00:00,3.9,0.0,0.48,-2.7
2022-01-05T00:00:00,3.4,6.1,0.76,3.2
2022-01-06T00:00:00,5.0,0.0,0.45,4.9
2022-01-07T00:00:00,8.3,8.4,0.63,0.7
2022-01-08T00:00:00,4.8,0.0,0.43,-2.5
2022-01-09T00:00:00,4.9,2.8,0.65,1.4
2022-01-10T00:00:00,7.5,0.0,0.44,1.6
2022-01-11T00:00:00,6.4,0.0,0.41,-5.4
2022-01-12T00:00:00,4.4,0.0,0.44,-1.9
2022-01-13T00:00:00,2.6,0.0,0.64,4.0
2022-01-14T00:00:00,7.6,0.0,0.64,4.8
2022-01-15T00:00:00,5.8,0.0,0.48,-6.7
2022-01-16T00:00:00,5.5,9.1,0.66,-8.0
2022-01-17T00:00:00,8.6,26.9,0.69,3.9
2022-01-18T00:00:00,8.4,0.0,0.45,1.8
2022-01-19T00:00:00,4.7,0.0,0.46,3.2
2022-01-20T00:00:00,5.4,6.4,0.6,5.1
2022-01-21T00:00:00,6.2,0.0,0.43,-6.0
2022-01-22T00:00:00,3.4,0.0,0.46,-5.9
2022-01-23T00:00:00,4.2,0.3,0.44,-0.7
2022-01-24T00:00:00,3.6,0.0,0.61,-0.2
2022-01-25T00:00:00,4.7,0.0,0.54,3.6
2022-01-26T00:00:00,5.6,0.0,0.38,-2.3
2022-01-27T00:00:00,3.7,0.0,0.44,-4.2
2022-01-28T00:00:00,3.5,2.8,0.67,0.1
2022-01-29T00:00:00,10.2,12.4,0.66,-4.8
2022-01-30T00:00:00,6.1,0.0,0.45,-7.1
2022-01-31T00:00:00,2.9,0.0,0.48,-3.4
2022-02-01T00:00:00,3.4,0.0,0.56,-1.7
2022-02-02T00:00:00,2.3,0.0,0.79,2.3
2022-02-03T00:00:00,2.6,10.7,0.87,6.4
2022-02-04T00:00:00,5.3,18.8,0.81,5.8
2022-02-05T00:00:00,7.9,0.0,0.56,-2.8
2022-02-06T00:00:00,3.2,0.0,0.52,-4.8
2022-02-07T00:00:00,3.1,3.8,0.84,0.5
2022-02-08T00:00:00,5.7,2.0,0.62,4.1
2022-02-09T00:00:00,3.7,0.0,0.54,2.8
2022-02-10T00:00:00,4.4,0.0,0.51,6.3
2022-02-11T00:00:00,5.0,0.0,0.46,8.6
2022-02-12T00:00:00,5.9,0.0,0.36,11.8
2022-02-13T00:00:00,4.7,4.8,0.69,2.8
2022-02-14T00:00:00,7.9,0.0,0.41,-4.3
2022-02-15T00:00:00,4.9,0.0,0.36,-4.7
2022-02-16T00:00:00,4.5,0.0,0.59,1.6
2022-02-17T00:00:00,5.6,7.6,0.65,11.6
2022-02-18T00:00:00,9.1,6.4,0.51,9.9
2022-02-19T00:00:00,7.6,0.0,0.41,0.1
2022-02-20T00:00:00,5.8,0.0,0.42,-2.6
2022-02-21T00:00:00,3.4,0.0,0.51,4.1
2022-02-22T00:00:00,4.5,5.8,0.86,5.6
2022-02-23T00:00:00,6.4,0.0,0.6,14.4
2022-02-24T00:00:00,4.8,0.0,0.43,1.1
2022-02-25T00:00:00,6.6,20.8,0.72,0.8
2022-02-26T00:00:00,5.0,0.0,0.46,-1.1
2022-02-27T00:00:00,7.2,0.0,0.39,2.4
2022-02-28T00:00:00,5.2,0.0,0.31,0.8
2022-03-01T00:00:00,4.2,0.0,0.53,2.6
2022-03-02T00:00:00,4.7,0.0,0.52,7.7
2022-03-03T00:00:00,8.2,0.8,0.42,5.6
2022-03-04T00:00:00,4.2,0.0,0.34,-1.9
2022-03-05T00:00:00,3.0,0.0,0.49,3.1
2022-03-06T00:00:00,4.7,1.3,0.73,9.6
2022-03-07T00:00:00,6.2,1.3,0.57,18.2
2022-03-08T00:00:00,8.2,0.0,0.39,8.7
2022-03-09T00:00:00,4.4,14.7,0.73,3.2
2022-03-10T00:00:00,2.5,0.0,0.65,4.0
2022-03-11T00:00:00,3.1,0.0,0.56,7.2
2022-03-12T00:00:00,8.4,11.9,0.72,5.1
2022-03-13T00:00:00,7.3,0.0,0.42,-2.3
2022-03-14T00:00:00,4.4,0.0,0.43,5.3
2022-03-15T00:00:00,4.1,0.0,0.41,11.6
2022-03-16T00:00:00,3.5,0.0,0.54,13.6
2022-03-17T00:00:00,4.1,2.8,0.89,8.2
2022-03-18T00:00:00,3.4,0.0,0.75,13.9
2022-03-19T00:00:00,3.3,1.8,0.76,13.1
2022-03-20T00:00:00,7.3,0.0,0.52,14.3
2022-03-21T00:00:00,6.4,0.0,0.36,10.4
2022-03-22T00:00:00,7.2,0.0,0.25,10.7
2022-03-23T00:00:00,5.2,2.8,0.46,7.2
2022-03-24T00:00:00,7.6,25.9,0.88,5.7
2022-03-25T00:00:00,4.8,0.8,0.57,9.6
2022-03-26T00:00:00,5.5,1.0,0.49,10.4
2022-03-27T00:00:00,8.2,0.0,0.48,5.9
2022-03-28T00:00:00,9.9,0.0,0.37,-1.5
2022-03-29T00:00:00,8.5,0.0,0.41,-1.2
2022-03-30T00:00:00,3.9,0.0,0.4,2.6
2022-03-31T00:00:00,4.8,1.3,0.79,9.9
2022-04-01T00:00:00,7.6,6.6,0.55,13.1
2022-04-02T00:00:00,6.1,0.0,0.46,7.2
2022-04-03T00:00:00,4.0,2.3,0.69,7.0
2022-04-04T00:00:00,5.4,0.0,0.47,7.6
2022-04-05T00:00:00,3.4,1.5,0.53,9.7
2022-04-06T00:00:00,6.9,9.1,0.85,8.6
2022-04-07T00:00:00,7.5,24.6,0.84,9.1
2022-04-08T00:00:00,4.7,1.0,0.53,12.8
2022-04-09T00:00:00,4.4,0.5,0.58,11.4
2022-04-10T00:00:00,7.9,0.0,0.47,8.6
2022-04-11T00:00:00,4.7,0.0,0.46,8.8
2022-04-12T00:00:00,3.3,1.0,0.54,13.4
2022-04-13T00:00:00,3.4,0.0,0.63,15.4
2022-04-14T00:00:00,4.9,2.8,0.63,16.3
2022-04-15T00:00:00,5.5,0.0,0.29,15.7
2022-04-16T00:00:00,5.6,3.6,0.47,15.7
2022-04-17T00:00:00,7.0,0.0,0.42,8.3
2022-04-18T00:00:00,5.7,23.4,0.5,7.9
2022-04-19T00:00:00,8.8,29.0,0.58,7.6
2022-04-20T00:00:00,5.5,0.0,0.41,9.4
2022-04-21T00:00:00,5.4,0.0,0.59,10.6
2022-04-22T00:00:00,4.8,0.0,0.39,14.6
2022-04-23T00:00:00,3.1,0.0,0.45,13.3
2022-04-24T00:00:00,4.1,0.0,0.47,12.8
2022-04-25T00:00:00,4.2,0.0,0.54,10.4
2022-04-26T00:00:00,3.8,1.3,0.8,11.5
2022-04-27T00:00:00,9.6,0.0,0.43,11.6
2022-04-28T00:00:00,9.3,0.0,0.31,8.2
2022-04-29T00:00:00,7.7,0.0,0.21,10.4
2022-04-30T00:00:00,3.6,0.0,0.27,12.9
2022-05-01T00:00:00,3.8,0.0,0.46,13.6
2022-05-02T00:00:00,4.3,8.9,0.83,12.1
2022-05-03T00:00:00,4.5,0.0,0.73,12.4
2022-05-04T00:00:00,2.7,3.0,0.8,12.0
2022-05-05T00:00:00,4.1,0.0,0.5,17.2
2022-05-06T00:00:00,3.8,18.8,0.78,14.8
2022-05-07T00:00:00,8.9,26.9,0.76,10.0
2022-05-08T00:00:00,8.0,0.5,0.43,10.4
2022-05-09T00:00:00,7.0,0.0,0.27,13.5
2022-05-10T00:00:00,6.4,0.0,0.33,15.4
2022-05-11T00:00:00,4.1,0.0,0.42,16.1
2022-05-12T00:00:00,4.2,0.0,0.74,17.1
2022-05-13T00:00:00,3.9,0.0,0.88,16.0
2022-05-14T00:00:00,2.9,7.1,0.87,17.9
2022-05-15T00:00:00,3.1,0.5,0.78,18.8
2022-05-16T00:00:00,4.6,11.9,0.73,20.4
2022-05-17T00:00:00,7.0,0.0,0.41,19.7
2022-05-18T00:00:00,4.9,0.0,0.44,17.8
2022-05-19T00:00:00,3.0,18.3,0.8,15.5
2022-05-20T00:00:00,3.7,11.2,0.86,15.4
2022-05-21T00:00:00,2.6,0.0,0.67,21.2
2022-05-22T00:00:00,3.8,0.0,0.57,27.8
2022-05-23T00:00:00,5.0,0.0,0.45,21.0
2022-05-24T00:00:00,5.1,0.0,0.58,17.4
2022-05-25T00:00:00,3.6,0.0,0.55,16.2
2022-05-26T00:00:00,4.5,0.0,0.67,16.4
2022-05-27T00:00:00,4.4,4.1,0.82,20.2
2022-05-28T00:00:00,3.5,6.9,0.74,20.4
2022-05-29T00:00:00,2.6,0.0,0.57,20.7
2022-05-30T00:00:00,3.6,0.0,0.57,23.3
2022-05-31T00:00:00,5.1,0.0,0.43,28.3
2022-06-01T00:00:00,5.1,21.3,0.78,17.8
2022-06-02T00:00:00,3.1,13.2,0.8,20.3
2022-06-03T00:00:00,3.8,0.0,0.73,19.5
2022-06-04T00:00:00,3.0,0.0,0.52,21.9
2022-06-05T00:00:00,3.2,0.0,0.34,20.0
2022-06-06T00:00:00,3.0,0.0,0.34,22.2
2022-06-07T00:00:00,6.9,1.3,0.61,21.8
2022-06-08T00:00:00,4.1,0.0,0.6,23.7
2022-06-09T00:00:00,6.5,17.8,0.58,24.4
2022-06-10T00:00:00,4.4,0.0,0.42,21.8
2022-06-11T00:00:00,3.5,5.8,0.56,21.8
2022-06-12T00:00:00,4.2,2.0,0.74,20.5
2022-06-13T00:00:00,2.4,0.0,0.6,24.2
2022-06-14T00:00:00,2.9,0.0,0.45,23.9
2022-06-15T00:00:00,4.4,0.0,0.58,23.3
2022-06-16T00:00:00,5.5,7.1,0.71,20.3
2022-06-17T00:00:00,5.6,0.0,0.52,25.2
2022-06-18T00:00:00,8.4,0.0,0.49,21.7
2022-06-19T00:00:00,7.2,0.0,0.39,17.3
2022-06-20T00:00:00,4.0,0.0,0.36,20.5
2022-06-21T00:00:00,2.7,2.3,0.57,22.1
2022-06-22T00:00:00,4.6,2.5,0.79,19.1
2022-06-23T00:00:00,3.8,0.0,0.72,19.2
2022-06-24T00:00:00,2.5,0.0,0.67,21.9
2022-06-25T00:00:00,3.2,0.0,0.53,25.8
2022-06-26T00:00:00,4.0,0.0,0.5,27.0
2022-06-27T00:00:00,4.0,12.2,0.72,24.3
2022-06-28T00:00:00,3.5,0.0,0.46,22.4
2022-06-29T00:00:00,3.2,0.0,0.51,23.9
2022-06-30T00:00:00,3.4,0.0,0.47,25.4
2022-07-01T00:00:00,4.7,0.0,0.53,28.1
2022-07-02T00:00:00,4.0,0.0,0.57,28.7
2022-07-03T00:00:00,3.7,0.0,0.43,26.9
2022-07-04T00:00:00,2.8,0.0,0.35,25.6
2022-07-05T00:00:00,5.5,2.0,0.55,25.9
2022-07-06T00:00:00,4.6,0.0,0.59,26.0
2022-07-07T00:00:00,4.7,0.0,0.64,24.2
2022-07-08T00:00:00,3.0,7.4,0.71,23.5
2022-07-09T00:00:00,3.1,0.0,0.51,24.7
2022-07-10T00:00:00,4.7,0.0,0.49,23.4
2022-07-11T00:00:00,5.2,0.0,0.49,24.0
2022-07-12T00:00:00,5.5,0.0,0.57,25.8
2022-07-13T00:00:00,3.5,0.0,0.49,28.9
2022-07-14T00:00:00,3.4,0.0,0.52,26.6
2022-07-15T00:00:00,3.9,0.0,0.5,26.1
2022-07-16T00:00:00,3.5,14.0,0.73,24.3
2022-07-17T00:00:00,3.2,0.0,0.64,25.7
2022-07-18T00:00:00,4.6,8.6,0.75,26.2
2022-07-19T00:00:00,5.6,0.0,0.49,28.2
2022-07-20T00:00:00,3.7,0.0,0.47,31.3
2022-07-21T00:00:00,4.7,14.5,0.55,29.8
2022-07-22T00:00:00,3.5,0.0,0.46,30.9
2022-07-23T00:00:00,3.5,0.0,0.47,30.3
2022-07-24T00:00:00,4.9,0.0,0.44,31.1
2022-07-25T00:00:00,4.7,19.3,0.64,29.8
2022-07-26T00:00:00,3.4,0.0,0.47,25.9
2022-07-27T00:00:00,3.6,0.0,0.55,25.5
2022-07-28T00:00:00,4.3,2.0,0.67,26.7
2022-07-29T00:00:00,3.5,0.5,0.56,28.2
2022-07-30T00:00:00,4.7,0.0,0.45,26.7
2022-07-31T00:00:00,3.4,0.0,0.51,26.3
2022-08-01T00:00:00,3.1,10.4,0.79,23.1
2022-08-02T00:00:00,3.6,0.0,0.58,26.4
2022-08-03T00:00:00,3.9,0.0,0.55,27.6
2022-08-04T00:00:00,4.2,0.0,0.51,29.1
2022-08-05T00:00:00,3.6,0.0,0.54,29.3
2022-08-06T00:00:00,4.2,0.0,0.54,29.6
2022-08-07T00:00:00,4.8,15.5,0.6,29.6
2022-08-08T00:00:00,5.5,0.0,0.59,30.3
2022-08-09T00:00:00,4.0,1.3,0.59,31.3
2022-08-10T00:00:00,3.8,0.0,0.57,27.2
2022-08-11T00:00:00,3.3,3.3,0.59,26.6
2022-08-12T00:00:00,5.0,0.0,0.39,25.6
2022-08-13T00:00:00,4.0,0.0,0.42,23.1
2022-08-14T00:00:00,3.9,0.0,0.43,24.0
2022-08-15T00:00:00,2.9,0.0,0.49,24.3
2022-08-16T00:00:00,3.8,0.0,0.54,23.6
2022-08-17T00:00:00,3.0,7.9,0.54,23.6
2022-08-18T00:00:00,3.4,0.0,0.5,24.1
2022-08-19T00:00:00,3.6,0.0,0.46,26.3
2022-08-20T00:00:00,3.2,0.0,0.52,27.9
2022-08-21T00:00:00,3.9,0.0,0.68,25.3
2022-08-22T00:00:00,3.4,6.1,0.78,24.5
2022-08-23T00:00:00,3.9,0.0,0.64,25.9
2022-08-24T00:00:00,4.0,0.0,0.48,26.9
2022-08-25T00:00:00,3.3,0.0,0.45,28.1
2022-08-26T00:00:00,4.0,7.1,0.6,27.4
2022-08-27T00:00:00,3.0,0.0,0.57,27.8
2022-08-28T00:00:00,4.7,0.0,0.72,24.6
2022-08-29T00:00:00,4.6,0.0,0.69,26.0
2022-08-30T00:00:00,5.1,1.0,0.69,26.8
2022-08-31T00:00:00,5.3,0.0,0.48,25.6
2022-09-01T00:00:00,5.8,0.0,0.37,25.9
2022-09-02T00:00:00,4.4,0.0,0.54,21.7
2022-09-03T00:00:00,3.1,0.0,0.61,22.8
2022-09-04T00:00:00,3.0,0.0,0.63,25.3
2022-09-05T00:00:00,3.9,0.3,0.7,25.8
2022-09-06T00:00:00,3.8,29.5,0.82,23.3
2022-09-07T00:00:00,6.0,0.0,0.71,20.8
2022-09-08T00:00:00,3.5,0.0,0.6,21.8
2022-09-09T00:00:00,4.0,0.0,0.58,21.9
2022-09-10T00:00:00,2.7,0.0,0.51,23.6
2022-09-11T00:00:00,2.6,6.9,0.73,23.2
2022-09-12T00:00:00,3.0,23.6,0.78,22.4
2022-09-13T00:00:00,4.3,42.9,0.66,24.7
2022-09-14T00:00:00,5.2,0.0,0.51,22.9
2022-09-15T00:00:00,4.8,0.0,0.44,21.8
2022-09-16T00:00:00,2.6,0.0,0.41,19.6
2022-09-17T00:00:00,4.2,0.0,0.6,20.8
2022-09-18T00:00:00,5.0,0.0,0.55,23.4
2022-09-19T00:00:00,4.3,1.8,0.58,25.6
2022-09-20T00:00:00,5.2,0.0,0.59,23.2
2022-09-21T00:00:00,3.3,0.0,0.6,22.0
2022-09-22T00:00:00,6.2,4.3,0.65,21.8
2022-09-23T00:00:00,8.8,0.0,0.48,15.1
2022-09-24T00:00:00,4.3,0.0,0.44,14.5
2022-09-25T00:00:00,4.3,19.8,0.62,19.2
2022-09-26T00:00:00,4.9,0.0,0.51,19.4
2022-09-27T00:00:00,4.3,0.0,0.44,19.7
2022-09-28T00:00:00,4.5,0.0,0.54,17.2
2022-09-29T00:00:00,5.1,0.0,0.52,16.6
2022-09-30T00:00:00,5.6,0.0,0.6,14.5
2022-10-01T00:00:00,7.8,16.8,0.72,14.8
2022-10-02T00:00:00,10.2,1.8,0.62,15.2
2022-10-03T00:00:00,8.4,11.4,0.61,11.5
2022-10-04T00:00:00,7.0,45.0,0.63,10.3
2022-10-05T00:00:00,4.8,10.7,0.82,13.8
2022-10-06T00:00:00,1.7,0.0,0.53,17.6
2022-10-07T00:00:00,3.9,0.0,0.53,20.3
2022-10-08T00:00:00,4.8,0.5,0.5,13.9
2022-10-09T00:00:00,3.5,0.0,0.45,12.3
2022-10-10T00:00:00,3.3,0.0,0.4,15.8
2022-10-11T00:00:00,2.5,0.0,0.53,17.0
2022-10-12T00:00:00,3.5,0.0,0.54,17.9
2022-10-13T00:00:00,5.5,19.8,0.8,18.7
2022-10-14T00:00:00,3.7,5.1,0.59,15.7
2022-10-15T00:00:00,3.6,0.0,0.56,16.2
2022-10-16T00:00:00,1.9,0.0,0.53,16.1
2022-10-17T00:00:00,3.4,3.3,0.71,16.6
2022-10-18T00:00:00,4.9,0.0,0.41,12.6
2022-10-19T00:00:00,5.0,0.0,0.44,10.0
2022-10-20T00:00:00,5.5,0.0,0.43,11.1
2022-10-21T00:00:00,2.4,0.0,0.44,13.4
2022-10-22T00:00:00,2.0,0.0,0.54,14.4
2022-10-23T00:00:00,6.0,0.0,,14.7
2022-10-24T00:00:00,5.9,11.7,0.89,14.1
2022-10-25T00:00:00,3.3,0.3,0.92,16.9
2022-10-26T00:00:00,2.9,0.0,0.82,18.3
2022-10-27T00:00:00,6.2,0.0,0.48,16.9
2022-10-28T00:00:00,4.7,0.0,0.5,11.3
2022-10-29T00:00:00,2.6,0.0,0.58,10.8
2022-10-30T00:00:00,1.7,0.0,0.55,12.5
2022-10-31T00:00:00,2.7,1.8,0.71,14.4
2022-11-01T00:00:00,3.9,4.1,0.77,16.9
2022-11-02T00:00:00,2.7,0.0,0.55,17.6
2022-11-03T00:00:00,2.3,0.0,0.66,15.7
2022-11-04T00:00:00,2.7,0.0,0.79,15.2
2022-11-05T00:00:00,4.7,0.0,0.75,19.4
2022-11-06T00:00:00,3.5,0.3,0.77,19.8
2022-11-07T00:00:00,5.8,0.5,0.47,21.3
2022-11-08T00:00:00,6.1,0.0,0.35,13.2
2022-11-09T00:00:00,3.3,0.0,0.51,8.7
2022-11-10T00:00:00,2.6,0.0,0.66,12.6
2022-11-11T00:00:00,4.2,31.2,0.87,16.4
2022-11-12T00:00:00,5.5,2.3,0.66,19.7
2022-11-13T00:00:00,6.9,0.5,0.61,12.9
2022-11-14T00:00:00,5.9,0.0,0.48,6.3
2022-11-15T00:00:00,5.6,12.4,0.6,4.9
2022-11-16T00:00:00,7.6,5.1,0.68,7.3
2022-11-17T00:00:00,7.0,0.0,0.47,5.7
2022-11-18T00:00:00,7.2,0.0,0.44,4.5
2022-11-19T00:00:00,5.0,0.0,0.42,2.8
2022-11-20T00:00:00,8.2,0.0,0.34,2.7
2022-11-21T00:00:00,5.1,0.0,0.37,1.1
2022-11-22T00:00:00,4.0,0.0,0.38,6.6
2022-11-23T00:00:00,3.4,0.0,0.37,9.4
2022-11-24T00:00:00,2.8,0.0,0.6,8.1
2022-11-25T00:00:00,6.0,0.0,0.64,10.0
2022-11-26T00:00:00,5.9,0.0,0.4,9.3
2022-11-27T00:00:00,4.8,13.7,0.63,10.7
2022-11-28T00:00:00,7.2,0.0,0.59,12.2
2022-11-29T00:00:00,2.7,0.0,0.58,5.4
2022-11-30T00:00:00,6.5,10.9,0.7,8.4
2022-12-01T00:00:00,7.6,0.0,0.41,5.7
2022-12-02T00:00:00,3.0,0.0,0.5,3.4
2022-12-03T00:00:00,5.8,10.4,0.72,10.6
2022-12-04T00:00:00,4.3,0.0,0.42,7.0
2022-12-05T00:00:00,2.4,0.0,0.5,5.4
2022-12-06T00:00:00,4.6,19.8,0.81,9.3
2022-12-07T00:00:00,3.8,9.1,0.88,13.8
2022-12-08T00:00:00,5.2,0.0,0.6,11.6
2022-12-09T00:00:00,5.0,0.0,0.5,5.3
2022-12-10T00:00:00,4.7,0.0,0.58,2.2
2022-12-11T00:00:00,5.7,6.4,0.77,3.4
2022-12-12T00:00:00,5.2,0.0,0.71,1.6
2022-12-13T00:00:00,5.1,0.0,0.54,0.3
2022-12-14T00:00:00,6.0,0.0,0.51,1.7
2022-12-15T00:00:00,6.3,15.0,0.73,2.7
2022-12-16T00:00:00,9.1,13.7,0.85,6.2
2022-12-17T00:00:00,6.7,0.0,0.55,5.0
2022-12-18T00:00:00,6.3,0.0,0.51,3.1
2022-12-19T00:00:00,7.2,0.0,0.52,1.7
2022-12-20T00:00:00,5.2,0.0,0.52,1.9
2022-12-21T00:00:00,2.1,0.0,0.55,1.0
2022-12-22T00:00:00,6.0,5.3,0.78,3.8
2022-12-23T00:00:00,10.9,24.1,0.7,7.5
2022-12-24T00:00:00,8.8,0.0,0.42,-11.7
2022-12-25T00:00:00,7.4,0.0,0.46,-6.9
2022-12-26T00:00:00,5.3,0.0,0.44,-4.7
2022-12-27T00:00:00,4.4,0.0,0.45,-0.7
2022-12-28T00:00:00,3.4,0.0,0.46,3.4
2022-12-29T00:00:00,3.4,0.0,0.47,6.4
2022-12-30T00:00:00,2.5,0.0,0.55,9.3
2022-12-31T00:00:00,2.1,7.9,0.89,8.2
2023-01-01T00:00:00,4.1,0.5,0.62,10.7
2023-01-02T00:00:00,2.5,0.0,0.61,10.8
2023-01-03T00:00:00,2.5,10.9,0.87,9.6
2023-01-04T00:00:00,3.7,0.3,0.79,13.7
2023-01-05T00:00:00,3.4,0.8,0.91,7.9
2023-01-06T00:00:00,3.8,6.1,0.77,6.7
2023-01-07T00:00:00,5.1,0.0,0.58,5.3
2023-01-08T00:00:00,3.8,0.0,0.53,3.4
2023-01-09T00:00:00,4.4,0.0,0.6,4.4
2023-01-10T00:00:00,3.9,0.0,0.54,4.4
2023-01-11T00:00:00,4.3,0.0,0.55,3.2
2023-01-12T00:00:00,5.1,7.6,0.8,4.9
2023-01-13T00:00:00,6.0,2.5,0.74,10.7
2023-01-14T00:00:00,8.3,0.0,0.64,2.0
2023-01-15T00:00:00,9.7,0.0,0.52,0.8
2023-01-16T00:00:00,6.3,0.0,0.36,2.1
2023-01-17T00:00:00,2.7,0.0,0.34,5.1
2023-01-18T00:00:00,6.2,1.0,0.59,8.6
2023-01-19T00:00:00,3.9,26.7,0.77,6.3
2023-01-20T00:00:00,5.6,0.3,0.65,6.5
2023-01-21T00:00:00,4.9,0.0,0.55,4.7
2023-01-22T00:00:00,3.6,13.2,0.62,3.7
2023-01-23T00:00:00,6.9,9.9,0.77,3.5
2023-01-24T00:00:00,6.4,0.0,0.49,3.9
2023-01-25T00:00:00,5.5,28.7,0.67,3.8
2023-01-26T00:00:00,7.7,8.6,0.57,8.8
2023-01-27T00:00:00,4.1,0.0,0.48,4.8
2023-01-28T00:00:00,4.8,0.0,0.4,5.8
2023-01-29T00:00:00,3.8,0.0,0.57,8.5
2023-01-30T00:00:00,3.0,0.0,0.6,9.1
2023-01-31T00:00:00,4.1,1.3,0.6,5.1
2023-02-01T00:00:00,4.1,0.5,0.48,0.3
2023-02-02T00:00:00,4.3,0.0,0.36,1.1
2023-02-03T00:00:00,11.2,0.0,0.41,-1.6
2023-02-04T00:00:00,6.7,0.0,0.38,-10.7
2023-02-05T00:00:00,3.6,0.0,0.52,0.8
2023-02-06T00:00:00,4.6,0.0,0.58,6.2
2023-02-07T00:00:00,4.1,0.3,0.56,2.1
2023-02-08T00:00:00,4.3,0.0,0.5,6.8
2023-02-09T00:00:00,3.3,0.0,0.7,7.2
2023-02-10T00:00:00,6.5,0.0,0.5,12.3
2023-02-11T00:00:00,5.6,0.0,0.41,6.2
2023-02-12T00:00:00,3.0,0.5,0.45,5.6
2023-02-13T00:00:00,5.2,0.0,0.28,7.8
2023-02-14T00:00:00,5.3,0.0,0.39,9.2
2023-02-15T00:00:00,5.7,0.0,0.5,10.6
2023-02-16T00:00:00,3.3,1.3,0.54,16.3
2023-02-17T00:00:00,7.0,4.6,0.71,12.4
2023-02-18T00:00:00,6.1,0.0,0.39,1.5
2023-02-19T00:00:00,4.3,0.0,0.56,5.3
2023-02-20T00:00:00,4.0,0.0,0.56,10.0
2023-02-21T00:00:00,4.1,6.6,0.72,6.7
2023-02-22T00:00:00,4.0,4.8,0.59,5.4
2023-02-23T00:00:00,4.7,0.8,0.84,3.7
2023-02-24T00:00:00,8.3,0.0,0.51,5.7
2023-02-25T00:00:00,3.3,0.0,0.54,-2.5
2023-02-26T00:00:00,3.6,0.0,0.62,1.8
2023-02-27T00:00:00,5.3,7.9,0.5,4.1
2023-02-28T00:00:00,5.2,7.1,0.83,1.7
2023-03-01T00:00:00,3.9,0.3,0.67,3.9
2023-03-02T00:00:00,5.5,0.0,0.69,6.3
2023-03-03T00:00:00,5.3,3.8,0.55,5.3
2023-03-04T00:00:00,7.0,28.7,0.75,5.5
2023-03-05T00:00:00,6.9,0.0,0.51,6.4
2023-03-06T00:00:00,6.2,0.0,0.38,7.8
2023-03-07T00:00:00,8.3,1.3,0.5,5.6
2023-03-08T00:00:00,7.6,0.0,0.5,3.2
2023-03-09T00:00:00,6.3,0.0,0.5,4.9
2023-03-10T00:00:00,3.8,8.6,0.64,4.6
2023-03-11T00:00:00,6.8,7.9,0.72,4.9
2023-03-12T00:00:00,4.0,0.0,0.55,4.5
2023-03-13T00:00:00,5.7,18.3,0.82,5.4
2023-03-14T00:00:00,9.9,2.5,0.71,3.3
2023-03-15T00:00:00,11.5,0.0,0.47,3.4
2023-03-16T00:00:00,4.3,0.0,0.29,6.3
2023-03-17T00:00:00,3.4,0.0,0.44,10.9
2023-03-18T00:00:00,6.5,0.3,0.38,10.4
2023-03-19T00:00:00,7.4,0.0,0.31,3.1
2023-03-20T00:00:00,4.3,0.0,0.34,4.2
2023-03-21T00:00:00,4.1,0.0,0.24,9.9
2023-03-22T00:00:00,4.8,0.0,0.49,11.6
2023-03-23T00:00:00,4.3,1.8,0.75,11.1
2023-03-24T00:00:00,3.9,0.0,0.46,10.7
2023-03-25T00:00:00,6.4,4.3,0.74,7.3
2023-03-26T00:00:00,5.1,0.0,0.4,10.1
2023-03-27T00:00:00,4.4,5.1,0.51,11.0
2023-03-28T00:00:00,3.5,0.0,0.54,7.7
2023-03-29T00:00:00,4.3,0.3,0.42,8.2
2023-03-30T00:00:00,6.9,0.5,0.35,4.4
2023-03-31T00:00:00,3.7,0.0,0.54,7.1
2023-04-01T00:00:00,5.7,9.1,0.66,14.6
2023-04-02T00:00:00,8.0,0.0,0.31,9.4
2023-04-03T00:00:00,4.8,0.0,0.46,8.2
2023-04-04T00:00:00,3.3,0.0,0.7,13.4
2023-04-05T00:00:00,5.8,0.3,0.85,10.9
2023-04-06T00:00:00,3.7,0.0,0.71,12.4
2023-04-07T00:00:00,6.8,0.0,0.27,13.3
2023-04-08T00:00:00,4.0,0.0,0.34,7.4
2023-04-09T00:00:00,4.4,0.0,0.46,8.1
2023-04-10T00:00:00,3.7,0.0,0.42,10.5
2023-04-11T00:00:00,4.5,0.0,0.22,16.1
2023-04-12T00:00:00,5.3,0.0,0.24,21.9
2023-04-13T00:00:00,4.2,0.0,0.26,25.3
2023-04-14T00:00:00,3.4,0.0,0.3,26.2
2023-04-15T00:00:00,3.9,0.0,0.76,19.7
2023-04-16T00:00:00,3.4,0.0,0.82,14.9
2023-04-17T00:00:00,5.4,0.3,0.64,13.3
2023-04-18T00:00:00,7.3,0.0,0.4,12.9
2023-04-19T00:00:00,5.1,0.0,0.44,11.0
2023-04-20T00:00:00,3.7,0.0,0.52,11.5
2023-04-21T00:00:00,5.0,0.0,0.69,13.8
2023-04-22T00:00:00,6.6,12.2,0.87,12.8
2023-04-23T00:00:00,4.0,37.1,0.71,14.3
2023-04-24T00:00:00,3.8,0.0,0.47,12.2
2023-04-25T00:00:00,2.6,0.0,0.44,12.0
2023-04-26T00:00:00,3.9,0.0,0.61,11.7
2023-04-27T00:00:00,3.3,0.0,0.73,11.7
2023-04-28T00:00:00,5.5,8.9,0.68,11.3
2023-04-29T00:00:00,7.0,63.2,0.93,10.4
2023-04-30T00:00:00,5.4,78.5,0.96,11.5
2023-05-01T00:00:00,7.0,0.8,0.5,14.6
2023-05-02T00:00:00,5.0,1.3,0.58,11.8
2023-05-03T00:00:00,3.6,0.0,0.57,11.2
2023-05-04T00:00:00,3.9,0.3,0.73,10.8
2023-05-05T00:00:00,2.8,0.0,0.64,12.8
2023-05-06T00:00:00,2.7,0.0,0.51,15.6
2023-05-07T00:00:00,3.8,0.0,0.46,18.6
2023-05-08T00:00:00,5.1,0.0,0.46,19.6
2023-05-09T00:00:00,3.7,0.0,0.39,17.1
2023-05-10T00:00:00,2.8,0.0,0.48,15.8
2023-05-11T00:00:00,3.5,0.0,0.32,20.5
2023-05-12T00:00:00,3.1,0.0,0.32,24.8
2023-05-13T00:00:00,3.4,0.0,0.36,25.3
2023-05-14T00:00:00,4.2,0.0,0.32,19.8
2023-05-15T00:00:00,4.3,0.0,0.29,18.3
2023-05-16T00:00:00,4.9,0.0,0.31,21.8
2023-05-17T00:00:00,6.4,0.0,0.36,18.2
2023-05-18T00:00:00,4.8,0.0,0.46,11.9
2023-05-19T00:00:00,5.7,0.0,0.6,15.5
2023-05-20T00:00:00,3.7,32.0,0.95,15.5
2023-05-21T00:00:00,5.4,0.0,0.57,17.7
2023-05-22T00:00:00,3.6,0.0,0.59,18.9
2023-05-23T00:00:00,3.8,0.0,0.61,16.0
2023-05-24T00:00:00,3.9,0.8,0.52,17.1
2023-05-25T00:00:00,6.2,0.0,0.44,14.9
2023-05-26T00:00:00,3.2,0.0,0.36,17.7
2023-05-27T00:00:00,3.5,0.0,0.38,19.6
2023-05-28T00:00:00,3.7,0.0,0.38,19.9
2023-05-29T00:00:00,5.2,0.0,0.47,20.8
2023-05-30T00:00:00,4.9,0.0,0.6,16.6
2023-05-31T00:00:00,3.1,0.0,0.65,16.7
2023-06-01T00:00:00,2.4,0.0,0.59,21.5
2023-06-02T00:00:00,2.2,1.3,0.51,24.2
2023-06-03T00:00:00,5.6,0.0,0.71,19.6
2023-06-04T00:00:00,4.4,0.0,0.54,15.0
2023-06-05T00:00:00,4.3,0.0,0.45,18.3
2023-06-06T00:00:00,5.1,1.0,0.44,20.8
2023-06-07T00:00:00,5.8,0.0,0.45,18.3
2023-06-08T00:00:00,3.0,0.0,0.49,17.9
2023-06-09T00:00:00,3.2,0.0,0.52,18.8
2023-06-10T00:00:00,4.8,0.0,0.52,19.7
2023-06-11T00:00:00,3.4,0.5,0.64,22.7
2023-06-12T00:00:00,5.6,3.6,0.77,22.3
2023-06-13T00:00:00,5.1,0.0,0.51,21.7
2023-06-14T00:00:00,5.1,9.9,0.61,21.7
2023-06-15T00:00:00,5.2,0.0,0.53,20.7
2023-06-16T00:00:00,3.0,4.1,0.62,22.2
2023-06-17T00:00:00,5.7,0.0,0.58,20.2
2023-06-18T00:00:00,4.8,0.0,0.5,21.8
2023-06-19T00:00:00,4.3,0.0,0.63,22.3
2023-06-20T00:00:00,4.9,0.0,0.67,20.2
2023-06-21T00:00:00,7.1,0.0,0.66,19.0
2023-06-22T00:00:00,6.3,0.3,0.74,18.5
2023-06-23T00:00:00,3.2,2.0,0.85,19.7
2023-06-24T00:00:00,3.3,0.8,0.84,22.4
2023-06-25T00:00:00,3.6,0.5,0.81,23.4
2023-06-26T00:00:00,3.8,1.8,0.82,23.2
2023-06-27T00:00:00,3.4,0.5,0.79,22.8
2023-06-28T00:00:00,3.4,0.0,0.66,23.6
2023-06-29T00:00:00,3.5,0.0,0.62,23.6
2023-06-30T00:00:00,3.4,0.0,0.65,24.4
2023-07-01T00:00:00,4.5,0.0,0.59,24.5
2023-07-02T00:00:00,4.4,15.2,0.76,25.2
2023-07-03T00:00:00,3.7,9.4,0.68,27.0
2023-07-04T00:00:00,1.9,7.1,0.79,25.9
2023-07-05T00:00:00,2.8,0.0,0.61,26.8
2023-07-06T00:00:00,3.7,0.0,0.66,28.8
2023-07-07T00:00:00,3.3,0.0,0.71,26.7
2023-07-08T00:00:00,3.6,0.0,0.76,26.4
2023-07-09T00:00:00,4.1,29.7,0.8,26.2
2023-07-10T00:00:00,4.1,0.0,0.64,25.1
2023-07-11T00:00:00,3.5,0.0,0.44,26.9
2023-07-12T00:00:00,2.7,0.0,0.46,29.6
2023-07-13T00:00:00,5.5,0.0,0.62,28.9
2023-07-14T00:00:00,3.8,6.1,0.77,26.1
2023-07-15T00:00:00,3.8,0.3,0.8,26.2
2023-07-16T00:00:00,3.7,35.3,0.86,26.1
2023-07-17T00:00:00,3.1,0.0,0.69,27.2
2023-07-18T00:00:00,3.5,0.8,0.73,26.7
2023-07-19T00:00:00,2.5,5.8,0.72,25.3
2023-07-20T00:00:00,3.5,0.0,0.64,25.4
2023-07-21T00:00:00,4.3,7.1,0.63,26.3
2023-07-22T00:00:00,3.6,0.0,0.5,25.5
2023-07-23T00:00:00,3.3,0.0,0.49,26.2
2023-07-24T00:00:00,4.4,0.0,0.57,27.1
2023-07-25T00:00:00,2.9,8.4,0.7,25.8
2023-07-26T00:00:00,3.4,0.0,0.6,25.3
2023-07-27T00:00:00,5.5,10.4,0.65,29.0
2023-07-28T00:00:00,3.0,0.0,0.6,28.9
2023-07-29T00:00:00,5.5,1.3,0.63,29.6
2023-07-30T00:00:00,4.8,0.0,0.51,23.2
2023-07-31T00:00:00,3.4,0.0,0.43,24.7
2023-08-01T00:00:00,3.5,0.0,0.45,23.6
2023-08-02T00:00:00,3.6,0.0,0.45,22.5
2023-08-03T00:00:00,5.5,0.0,0.5,23.3
2023-08-04T00:00:00,4.8,0.0,0.7,23.4
2023-08-05T00:00:00,2.7,0.0,0.58,24.9
2023-08-06T00:00:00,4.0,0.0,0.53,25.7
2023-08-07T00:00:00,5.9,27.2,0.82,24.6
2023-08-08T00:00:00,6.2,0.0,0.65,24.3
2023-08-09T00:00:00,6.4,0.0,0.47,25.3
2023-08-10T00:00:00,2.5,12.4,0.73,24.9
2023-08-11T00:00:00,3.9,0.0,0.56,24.3
2023-08-12T00:00:00,3.8,2.3,0.71,25.2
2023-08-13T00:00:00,3.9,18.8,0.62,25.9
2023-08-14T00:00:00,3.0,0.0,0.55,27.1
2023-08-15T00:00:00,4.6,39.1,0.84,23.9
2023-08-16T00:00:00,4.1,20.3,0.79,23.5
2023-08-17T00:00:00,4.3,0.0,0.81,23.9
2023-08-18T00:00:00,5.7,39.9,0.58,24.8
2023-08-19T00:00:00,5.1,0.0,0.47,22.6
2023-08-20T00:00:00,3.1,0.0,0.43,25.3
2023-08-21T00:00:00,3.7,0.0,0.57,27.4
2023-08-22T00:00:00,5.1,0.0,0.5,24.2
2023-08-23T00:00:00,4.5,0.0,0.49,22.3
2023-08-24T00:00:00,4.2,1.0,0.74,22.3
2023-08-25T00:00:00,3.8,8.4,0.86,23.0
2023-08-26T00:00:00,2.4,25.7,0.73,25.2
2023-08-27T00:00:00,3.1,0.0,0.62,24.8
2023-08-28T00:00:00,3.7,0.0,0.74,23.3
2023-08-29T00:00:00,3.7,0.0,0.81,22.4
2023-08-30T00:00:00,5.1,5.3,0.65,24.8
2023-08-31T00:00:00,5.2,0.0,0.49,21.9
2023-09-01T00:00:00,4.5,0.0,0.5,20.5
2023-09-02T00:00:00,3.8,0.0,0.56,21.3
2023-09-03T00:00:00,3.4,0.0,0.56,25.2
2023-09-04T00:00:00,2.0,0.0,0.64,27.6
2023-09-05T00:00:00,2.2,0.0,0.63,28.5
2023-09-06T00:00:00,2.1,0.0,0.59,29.4
2023-09-07T00:00:00,2.9,0.0,0.54,30.7
2023-09-08T00:00:00,2.8,1.8,0.78,26.6
2023-09-09T00:00:00,2.9,0.0,0.79,25.8
2023-09-10T00:00:00,2.8,53.3,0.83,24.3
2023-09-11T00:00:00,3.4,46.2,0.85,23.8
2023-09-12T00:00:00,3.1,0.0,0.75,23.4
2023-09-13T00:00:00,3.4,3.0,0.72,24.7
2023-09-14T00:00:00,5.1,0.0,0.53,22.8
2023-09-15T00:00:00,6.0,0.0,0.59,18.1
2023-09-16T00:00:00,5.7,0.0,0.47,20.0
2023-09-17T00:00:00,2.9,2.0,0.57,21.1
2023-09-18T00:00:00,4.0,33.0,0.87,20.0
2023-09-19T00:00:00,6.2,0.0,0.55,19.4
2023-09-20T00:00:00,3.8,0.0,0.49,20.2
2023-09-21T00:00:00,2.9,0.0,0.55,19.6
2023-09-22T00:00:00,5.8,0.0,0.69,18.8
2023-09-23T00:00:00,10.6,22.9,0.86,16.7
2023-09-24T00:00:00,9.3,18.3,0.91,17.6
2023-09-25T00:00:00,9.6,10.9,0.86,16.8
2023-09-26T00:00:00,6.4,6.6,0.76,16.0
2023-09-27T00:00:00,5.3,0.0,0.59,15.6
2023-09-28T00:00:00,5.6,19.6,0.77,15.9
2023-09-29T00:00:00,7.6,104.1,0.89,16.3
2023-09-30T00:00:00,3.8,2.3,0.83,16.1
2023-10-01T00:00:00,3.0,0.0,0.68,19.6
2023-10-02T00:00:00,3.0,0.0,0.65,21.7
2023-10-03T00:00:00,1.6,0.0,0.65,21.4
2023-10-04T00:00:00,2.6,0.0,0.71,22.9
2023-10-05T00:00:00,3.1,0.0,0.71,21.2
2023-10-06T00:00:00,3.5,3.3,0.92,20.2
2023-10-07T00:00:00,5.4,20.3,0.8,19.4
2023-10-08T00:00:00,7.1,0.0,0.53,13.9
2023-10-09T00:00:00,4.7,0.0,0.48,13.4
2023-10-10T00:00:00,2.9,0.3,0.59,15.1
2023-10-11T00:00:00,2.9,0.0,0.59,17.3
2023-10-12T00:00:00,1.8,0.0,0.57,17.5
2023-10-13T00:00:00,4.0,0.0,0.51,15.6
2023-10-14T00:00:00,3.6,18.0,0.73,13.2
2023-10-15T00:00:00,7.1,0.3,0.6,12.8
2023-10-16T00:00:00,4.7,0.0,0.63,13.2
2023-10-17T00:00:00,3.1,0.0,0.61,14.6
2023-10-18T00:00:00,2.2,0.0,0.69,15.1
2023-10-19T00:00:00,3.5,0.0,0.65,15.1
2023-10-20T00:00:00,4.3,23.9,0.87,16.7
2023-10-21T00:00:00,6.2,15.2,0.73,16.4
2023-10-22T00:00:00,7.6,0.0,0.54,13.6
2023-10-23T00:00:00,5.0,0.0,0.56,11.8
2023-10-24T00:00:00,3.2,0.0,0.6,13.7
2023-10-25T00:00:00,4.0,0.0,0.5,16.6
2023-10-26T00:00:00,2.1,0.0,0.51,20.3
2023-10-27T00:00:00,2.5,0.0,0.56,20.6
2023-10-28T00:00:00,4.2,0.0,0.57,22.7
2023-10-29T00:00:00,4.9,10.7,0.79,15.2
2023-10-30T00:00:00,4.5,14.2,0.81,13.1
2023-10-31T00:00:00,3.9,0.0,0.5,10.1
2023-11-01T00:00:00,6.0,0.0,0.56,8.4
2023-11-02T00:00:00,3.8,0.0,0.48,6.4
2023-11-03T00:00:00,4.1,0.0,0.5,9.1
2023-11-04T00:00:00,2.7,0.0,0.49,11.9
2023-11-05T00:00:00,2.2,0.0,0.5,14.3
2023-11-06T00:00:00,3.8,0.0,0.6,10.6
2023-11-07T00:00:00,5.1,1.3,0.64,14.7
2023-11-08T00:00:00,5.1,0.0,0.43,10.6
2023-11-09T00:00:00,2.4,0.0,0.62,9.8
2023-11-10T00:00:00,4.2,0.0,0.48,11.6
2023-11-11T00:00:00,5.2,0.0,0.51,9.9
2023-11-12T00:00:00,3.6,0.0,0.52,5.8
2023-11-13T00:00:00,2.9,0.0,0.53,5.7
2023-11-14T00:00:00,5.9,0.0,0.51,9.4
2023-11-15T00:00:00,3.0,0.0,0.55,8.2
2023-11-16T00:00:00,3.0,0.0,0.55,12.1
2023-11-17T00:00:00,4.0,0.0,0.68,14.1
2023-11-18T00:00:00,5.5,0.0,0.6,13.4
2023-11-19T00:00:00,4.8,0.0,0.43,8.8
2023-11-20T00:00:00,4.9,0.0,0.42,6.5
2023-11-21T00:00:00,6.6,15.5,0.65,4.9
2023-11-22T00:00:00,5.1,45.2,0.81,10.4
2023-11-23T00:00:00,6.1,0.0,0.55,9.8
2023-11-24T00:00:00,6.2,0.0,0.46,9.1
2023-11-25T00:00:00,2.8,0.0,0.48,2.3
2023-11-26T00:00:00,4.6,7.6,0.7,5.2
2023-11-27T00:00:00,6.4,0.8,0.6,9.9
2023-11-28T00:00:00,8.3,0.0,0.42,3.2
2023-11-29T00:00:00,5.2,0.0,0.42,0.7
2023-11-30T00:00:00,4.5,0.0,0.41,5.1
2023-12-01T00:00:00,3.1,11.7,0.7,7.7
2023-12-02T00:00:00,2.8,0.0,0.82,9.9
2023-12-03T00:00:00,4.9,16.0,0.91,9.7
2023-12-04T00:00:00,6.1,0.0,0.58,9.5
2023-12-05T00:00:00,4.5,0.0,0.53,6.1
2023-12-06T00:00:00,5.5,0.0,0.53,3.9
2023-12-07T00:00:00,4.3,0.0,0.59,2.1
2023-12-08T00:00:00,2.6,0.0,0.61,6.3
2023-12-09T00:00:00,2.1,0.0,0.8,8.7
2023-12-10T00:00:00,4.3,34.3,0.89,11.6
2023-12-11T00:00:00,8.9,12.7,0.64,8.3
2023-12-12T00:00:00,5.1,0.0,0.46,4.8
2023-12-13T00:00:00,5.5,0.0,0.44,6.2
2023-12-14T00:00:00,4.7,0.0,0.44,3.3
2023-12-15T00:00:00,4.4,0.0,0.39,7.2
2023-12-16T00:00:00,3.7,0.0,0.56,10.3
2023-12-17T00:00:00,5.6,5.8,0.85,9.2
2023-12-18T00:00:00,9.7,54.1,0.74,13.4
2023-12-19T00:00:00,7.0,0.0,0.54,5.6
2023-12-20T00:00:00,5.1,0.0,0.51,2.3
2023-12-21T00:00:00,5.4,0.0,0.49,3.6
2023-12-22T00:00:00,2.5,0.0,0.42,-0.1
2023-12-23T00:00:00,2.6,0.0,0.57,2.6
2023-12-24T00:00:00,2.0,0.3,0.81,6.1
2023-12-25T00:00:00,2.3,0.0,0.91,6.8
2023-12-26T00:00:00,2.0,0.0,0.89,7.1
2023-12-27T00:00:00,4.2,5.3,0.91,6.7
2023-12-28T00:00:00,5.6,30.0,0.92,9.5
2023-12-29T00:00:00,4.1,0.3,0.76,9.8
2023-12-30T00:00:00,5.5,0.0,0.59,7.2
2023-12-31T00:00:00,5.2,0.0,0.5,5.4
2024-01-01T00:00:00,3.0,0.3,0.61,6.1
2024-01-02T00:00:00,4.2,0.0,0.54,2.6
2024-01-03T00:00:00,4.1,0.0,0.56,4.1
2024-01-04T00:00:00,6.7,0.0,0.52,4.8
2024-01-05T00:00:00,5.3,0.0,0.47,0.1
2024-01-06T00:00:00,5.4,8.6,0.67,1.6
2024-01-07T00:00:00,7.1,4.3,0.8,2.7
2024-01-08T00:00:00,4.9,0.0,0.52,4.1
2024-01-09T00:00:00,6.8,49.5,0.75,4.9
2024-01-10T00:00:00,8.2,8.1,0.54,10.9
2024-01-11T00:00:00,5.7,0.0,0.46,7.0
2024-01-12T00:00:00,5.4,1.5,0.57,7.2
2024-01-13T00:00:00,9.1,26.2,0.63,10.3
2024-01-14T00:00:00,8.7,0.0,0.4,2.9
2024-01-15T00:00:00,3.7,1.0,0.43,-2.5
2024-01-16T00:00:00,5.9,8.4,0.76,-2.2
2024-01-17T00:00:00,7.2,0.0,0.43,-4.9
2024-01-18T00:00:00,4.4,0.0,0.4,-2.9
2024-01-19T00:00:00,5.0,0.8,0.64,-0.6
2024-01-20T00:00:00,9.1,0.0,0.52,-4.7
2024-01-21T00:00:00,8.6,0.0,0.48,-4.3
2024-01-22T00:00:00,4.9,0.0,0.46,-1.2
2024-01-23T00:00:00,3.0,0.8,0.58,2.9
2024-01-24T00:00:00,2.7,1.8,0.86,3.7
2024-01-25T00:00:00,2.9,5.6,0.89,9.7
2024-01-26T00:00:00,4.3,5.3,0.9,6.2
2024-01-27T00:00:00,2.4,0.0,0.81,6.1
2024-01-28T00:00:00,5.9,23.6,0.85,4.8
2024-01-29T00:00:00,5.4,1.8,0.71,3.1
2024-01-30T00:00:00,4.0,0.0,0.62,2.5
2024-01-31T00:00:00,2.9,0.0,0.68,2.4
2024-02-01T00:00:00,3.4,0.0,0.64,4.8
2024-02-02T00:00:00,4.0,5.8,0.74,6.2
2024-02-03T00:00:00,5.5,0.0,0.51,3.1
2024-02-04T00:00:00,3.4,0.0,0.47,3.0
2024-02-05T00:00:00,5.5,0.0,0.41,3.3
2024-02-06T00:00:00,4.1,0.0,0.45,1.7
2024-02-07T00:00:00,2.3,0.0,0.47,3.8
2024-02-08T00:00:00,2.9,0.0,0.55,5.8
2024-02-09T00:00:00,3.8,0.0,0.7,7.3
2024-02-10T00:00:00,2.5,0.0,0.67,8.8
2024-02-11T00:00:00,4.4,0.0,0.57,9.4
2024-02-12T00:00:00,3.3,0.0,0.58,5.7
2024-02-13T00:00:00,6.5,16.3,0.71,2.9
2024-02-14T00:00:00,9.6,0.0,0.43,1.8
2024-02-15T00:00:00,4.8,0.0,0.48,0.2
2024-02-16T00:00:00,7.2,0.0,0.38,3.9
2024-02-17T00:00:00,4.8,5.8,0.64,1.1
2024-02-18T00:00:00,6.3,0.0,0.39,-0.1
2024-02-19T00:00:00,5.4,0.0,0.37,3.2
2024-02-20T00:00:00,3.8,0.0,0.39,0.3
2024-02-21T00:00:00,3.7,0.0,0.61,1.1
2024-02-22T00:00:00,4.2,1.0,0.67,3.2
2024-02-23T00:00:00,2.8,1.3,0.79,5.8
2024-02-24T00:00:00,5.6,0.0,0.45,5.8
2024-02-25T00:00:00,3.7,0.0,0.43,-0.6
2024-02-26T00:00:00,3.5,0.3,0.58,4.7
2024-02-27T00:00:00,4.7,14.0,0.82,6.4
2024-02-28T00:00:00,5.9,3.3,0.82,10.4
2024-02-29T00:00:00,8.3,0.0,0.35,4.6
2024-03-01T00:00:00,4.7,0.0,0.46,2.6
2024-03-02T00:00:00,4.3,35.6,0.86,6.1
2024-03-03T00:00:00,3.1,0.0,0.67,11.8
2024-03-04T00:00:00,4.3,0.0,0.74,11.0
2024-03-05T00:00:00,5.1,11.9,0.87,6.7
2024-03-06T00:00:00,4.0,40.9,0.83,8.9
2024-03-07T00:00:00,6.5,2.5,0.73,9.3
2024-03-08T00:00:00,4.4,0.0,0.53,7.9
2024-03-09T00:00:00,6.8,42.7,0.76,6.1
2024-03-10T00:00:00,8.8,0.5,0.62,7.6
2024-03-11T00:00:00,11.4,0.0,0.36,5.6
2024-03-12T00:00:00,6.0,0.0,0.32,10.9
2024-03-13T00:00:00,2.6,0.0,0.5,12.2
2024-03-14T00:00:00,3.1,0.0,0.56,11.9
2024-03-15T00:00:00,5.1,0.0,0.53,15.2
2024-03-16T00:00:00,4.3,0.0,0.54,11.3
2024-03-17T00:00:00,5.7,0.0,0.44,12.6
2024-03-18T00:00:00,6.6,0.0,0.39,8.7
2024-03-19T00:00:00,6.6,0.0,0.43,4.8
2024-03-20T00:00:00,6.0,0.8,0.49,7.5
2024-03-21T00:00:00,8.3,0.0,0.34,2.4
2024-03-22T00:00:00,4.3,0.0,0.44,1.7
2024-03-23T00:00:00,7.2,88.1,0.82,5.7
2024-03-24T00:00:00,6.5,0.0,0.39,3.4
2024-03-25T00:00:00,5.4,0.0,0.46,5.1
2024-03-26T00:00:00,4.1,0.0,0.58,6.8
2024-03-27T00:00:00,2.2,1.0,0.75,7.2
2024-03-28T00:00:00,3.7,19.3,0.81,8.9
2024-03-29T00:00:00,8.8,0.0,0.39,8.2
2024-03-30T00:00:00,7.2,0.5,0.42,9.2
2024-03-31T00:00:00,4.7,0.5,0.47,11.8
2024-04-01T00:00:00,2.6,0.0,0.57,10.2
2024-04-02T00:00:00,4.5,23.1,0.82,8.6
2024-04-03T00:00:00,9.0,44.5,0.84,6.3
2024-04-04T00:00:00,5.9,4.3,0.66,5.8
2024-04-05T00:00:00,6.9,0.0,0.52,6.6
2024-04-06T00:00:00,6.8,0.0,0.5,7.8
2024-04-07T00:00:00,4.8,0.0,0.47,9.3
2024-04-08T00:00:00,2.5,0.0,0.41,11.7
2024-04-09T00:00:00,2.2,0.0,0.43,16.2
2024-04-10T00:00:00,4.8,0.0,0.72,12.6
2024-04-11T00:00:00,5.7,6.9,0.88,10.7
2024-04-12T00:00:00,8.2,7.4,0.71,15.2
2024-04-13T00:00:00,9.2,0.0,0.5,11.9
2024-04-14T00:00:00,5.4,1.5,0.45,13.7
2024-04-15T00:00:00,4.1,0.0,0.49,19.4
2024-04-16T00:00:00,4.3,0.0,0.37,16.2
2024-04-17T00:00:00,4.9,1.0,0.69,12.5
2024-04-18T00:00:00,7.5,0.8,0.8,8.5
2024-04-19T00:00:00,3.7,0.0,0.7,9.4
2024-04-20T00:00:00,4.4,1.8,0.58,12.5
2024-04-21T00:00:00,4.7,0.0,0.4,9.3
2024-04-22T00:00:00,4.2,0.0,0.37,10.4
2024-04-23T00:00:00,4.7,0.0,0.45,11.3
2024-04-24T00:00:00,4.7,0.0,0.49,13.2
2024-04-25T00:00:00,4.8,0.0,0.44,9.8
2024-04-26T00:00:00,3.8,0.0,0.51,9.3
2024-04-27T00:00:00,4.7,0.3,0.5,10.4
2024-04-28T00:00:00,2.9,0.0,0.66,14.3
2024-04-29T00:00:00,3.9,0.0,0.66,21.2
2024-04-30T00:00:00,6.9,0.0,0.82,14.2
2024-05-01T00:00:00,3.3,0.0,0.73,14.8
2024-05-02T00:00:00,4.0,0.0,0.73,15.2
2024-05-03T00:00:00,4.2,0.0,0.67,14.6
2024-05-04T00:00:00,4.4,0.0,0.65,12.3
2024-05-05T00:00:00,4.4,9.4,0.83,10.6
2024-05-06T00:00:00,2.6,0.0,0.79,14.9
2024-05-07T00:00:00,3.5,0.0,0.47,20.3
2024-05-08T00:00:00,5.1,5.3,0.56,21.9
2024-05-09T00:00:00,4.5,0.0,0.51,20.1
2024-05-10T00:00:00,5.1,5.3,0.73,12.3
2024-05-11T00:00:00,4.7,0.0,0.61,11.8
2024-05-12T00:00:00,3.8,2.5,0.7,10.7
2024-05-13T00:00:00,3.4,0.0,0.69,13.0
2024-05-14T00:00:00,3.4,0.5,0.69,16.8
2024-05-15T00:00:00,5.8,4.8,0.87,15.9
2024-05-16T00:00:00,6.7,4.1,0.8,16.1
2024-05-17T00:00:00,3.8,0.3,0.64,17.6
2024-05-18T00:00:00,2.9,0.5,0.72,17.4
2024-05-19T00:00:00,3.7,0.0,0.68,17.9
2024-05-20T00:00:00,3.4,0.0,0.71,16.7
2024-05-21T00:00:00,3.5,0.0,0.66,19.5
2024-05-22T00:00:00,4.8,0.0,0.57,23.3
2024-05-23T00:00:00,3.3,10.4,0.63,22.9
2024-05-24T00:00:00,2.8,0.0,0.44,24.9
2024-05-25T00:00:00,3.4,0.0,0.5,22.6
2024-05-26T00:00:00,3.6,0.0,0.73,21.8
2024-05-27T00:00:00,5.1,18.8,0.86,21.1
2024-05-28T00:00:00,5.1,0.0,0.56,22.1
2024-05-29T00:00:00,3.6,7.4,0.59,20.7
2024-05-30T00:00:00,4.2,3.0,0.56,17.8
2024-05-31T00:00:00,5.2,0.0,0.36,19.7
2024-06-01T00:00:00,3.7,0.0,0.3,22.5
2024-06-02T00:00:00,3.0,0.0,0.41,24.8
2024-06-03T00:00:00,2.8,0.0,0.47,25.4
2024-06-04T00:00:00,4.1,0.0,0.67,22.7
2024-06-05T00:00:00,4.3,0.3,0.76,21.7
2024-06-06T00:00:00,3.0,15.5,0.79,23.2
2024-06-07T00:00:00,3.8,0.0,0.51,24.2
2024-06-08T00:00:00,5.7,0.0,0.41,21.9
2024-06-09T00:00:00,5.1,0.0,0.48,22.8
2024-06-10T00:00:00,4.9,0.0,0.47,20.7
2024-06-11T00:00:00,2.8,0.0,0.55,19.8
2024-06-12T00:00:00,3.0,0.0,0.54,20.9
2024-06-13T00:00:00,4.0,0.0,0.52,23.4
2024-06-14T00:00:00,3.8,6.4,0.63,24.8
2024-06-15T00:00:00,4.5,0.0,0.46,22.4
2024-06-16T00:00:00,4.5,0.0,0.52,21.3
2024-06-17T00:00:00,4.7,0.0,0.59,23.1
2024-06-18T00:00:00,5.1,0.0,0.57,25.9
2024-06-19T00:00:00,4.6,0.0,0.57,26.0
2024-06-20T00:00:00,4.0,0.0,0.52,27.3
2024-06-21T00:00:00,3.9,0.0,0.52,29.4
2024-06-22T00:00:00,3.0,4.8,0.64,27.2
2024-06-23T00:00:00,5.2,0.0,0.6,27.9
2024-06-24T00:00:00,8.5,0.0,0.5,26.2
2024-06-25T00:00:00,6.1,0.0,0.35,25.8
2024-06-26T00:00:00,5.1,5.1,0.53,28.5
2024-06-27T00:00:00,5.3,6.1,0.54,24.4
2024-06-28T00:00:00,4.3,0.0,0.41,21.8
2024-06-29T00:00:00,6.1,1.3,0.72,22.3
2024-06-30T00:00:00,4.7,3.0,0.74,25.4
2024-07-01T00:00:00,6.4,0.0,0.5,22.4
2024-07-02T00:00:00,3.8,0.0,0.41,23.9
2024-07-03T00:00:00,4.7,0.0,0.44,24.4
2024-07-04T00:00:00,4.0,0.8,0.64,24.9
2024-07-05T00:00:00,3.3,2.8,0.73,26.7
2024-07-06T00:00:00,3.3,3.0,0.72,26.6
2024-07-07T00:00:00,2.7,0.0,0.6,28.3
2024-07-08T00:00:00,3.4,0.0,0.68,28.3
2024-07-09T00:00:00,4.1,0.0,0.72,26.7
2024-07-10T00:00:00,6.2,0.0,0.7,28.6
2024-07-11T00:00:00,4.8,0.8,0.57,27.2
2024-07-12T00:00:00,3.4,1.5,0.68,26.9
2024-07-13T00:00:00,2.6,35.6,0.74,26.0
2024-07-14T00:00:00,3.6,0.0,0.61,27.6
2024-07-15T00:00:00,4.3,4.6,0.61,28.6
2024-07-16T00:00:00,5.0,0.0,0.51,31.3
2024-07-17T00:00:00,4.0,34.8,0.67,28.9
2024-07-18T00:00:00,4.4,0.0,0.58,25.8
2024-07-19T00:00:00,3.7,0.0,0.48,25.1
2024-07-20T00:00:00,3.7,0.0,0.53,25.7
2024-07-21T00:00:00,3.4,0.0,0.59,26.7
2024-07-22T00:00:00,4.1,3.6,0.71,26.2
2024-07-23T00:00:00,3.9,5.1,0.85,23.2
2024-07-24T00:00:00,4.3,0.0,0.86,23.1
2024-07-25T00:00:00,4.0,0.0,0.59,25.6
2024-07-26T00:00:00,4.8,0.0,0.45,24.3
2024-07-27T00:00:00,2.6,0.0,0.47,25.6
2024-07-28T00:00:00,3.5,0.0,0.5,26.2
2024-07-29T00:00:00,4.2,2.3,0.72,24.4
2024-07-30T00:00:00,5.8,0.0,0.72,26.4
2024-07-31T00:00:00,5.1,2.5,0.67,27.2
2024-08-01T00:00:00,3.1,0.0,0.55,29.0
2024-08-02T00:00:00,3.8,18.5,0.68,30.0
2024-08-03T00:00:00,3.4,26.7,0.71,27.7
2024-08-04T00:00:00,3.9,4.3,0.77,24.8
2024-08-05T00:00:00,3.1,0.0,0.61,27.2
2024-08-06T00:00:00,4.0,52.1,0.75,28.1
2024-08-07T00:00:00,5.8,3.0,0.85,20.7
2024-08-08T00:00:00,4.9,6.9,0.88,19.8
2024-08-09T00:00:00,8.3,1.0,0.84,24.9
2024-08-10T00:00:00,4.8,0.0,0.51,26.4
2024-08-11T00:00:00,3.6,0.0,0.47,25.3
2024-08-12T00:00:00,3.2,0.3,0.5,23.9
2024-08-13T00:00:00,3.9,0.0,0.52,22.9
2024-08-14T00:00:00,3.5,0.0,0.52,25.2
2024-08-15T00:00:00,2.2,0.0,0.49,26.1
2024-08-16T00:00:00,3.6,0.0,0.64,26.3
2024-08-17T00:00:00,4.4,1.3,0.71,24.1
2024-08-18T00:00:00,5.0,75.2,0.81,24.1
2024-08-19T00:00:00,4.0,2.8,0.7,24.3
2024-08-20T00:00:00,6.8,0.0,0.52,20.5
2024-08-21T00:00:00,5.8,0.0,0.52,18.9
2024-08-22T00:00:00,4.4,0.0,0.49,20.3
2024-08-23T00:00:00,3.1,0.0,0.47,23.1
2024-08-24T00:00:00,2.5,0.0,0.47,24.5
2024-08-25T00:00:00,3.3,0.0,0.52,25.2
2024-08-26T00:00:00,2.8,0.0,0.6,25.3
2024-08-27T00:00:00,3.4,0.0,0.6,24.6
2024-08-28T00:00:00,4.0,0.0,0.57,27.4
2024-08-29T00:00:00,5.7,0.0,0.63,25.2
2024-08-30T00:00:00,4.6,6.6,0.65,21.4
2024-08-31T00:00:00,3.4,0.0,0.72,22.5
2024-09-01T00:00:00,3.8,0.0,0.72,24.7
2024-09-02T00:00:00,5.7,0.0,0.48,23.8
2024-09-03T00:00:00,3.5,0.0,0.42,19.5
2024-09-04T00:00:00,2.7,0.0,0.46,20.8
2024-09-05T00:00:00,4.1,0.0,0.6,20.9
2024-09-06T00:00:00,3.8,0.0,0.72,20.4
2024-09-07T00:00:00,4.7,8.1,0.74,21.4
2024-09-08T00:00:00,5.7,0.0,0.47,17.4
2024-09-09T00:00:00,4.7,0.0,0.4,19.8
2024-09-10T00:00:00,3.8,0.0,0.46,22.1
2024-09-11T00:00:00,3.1,0.0,0.49,21.3
2024-09-12T00:00:00,2.6,0.0,0.64,21.4
2024-09-13T00:00:00,2.1,0.0,0.61,22.1
2024-09-14T00:00:00,3.1,0.0,0.66,23.0
2024-09-15T00:00:00,4.3,0.0,0.66,22.4
2024-09-16T00:00:00,4.0,0.0,0.62,20.1
2024-09-17T00:00:00,3.6,0.0,0.67,21.0
2024-09-18T00:00:00,5.1,0.0,0.75,21.3
2024-09-19T00:00:00,3.7,0.0,0.53,23.4
2024-09-20T00:00:00,5.7,0.0,0.62,23.4
2024-09-21T00:00:00,4.9,0.0,0.6,21.1
2024-09-22T00:00:00,4.7,0.0,0.59,19.3
2024-09-23T00:00:00,5.0,0.3,0.62,18.2
2024-09-24T00:00:00,5.1,0.0,0.63,17.7
2024-09-25T00:00:00,5.0,0.0,0.67,18.0
2024-09-26T00:00:00,2.8,1.3,0.84,20.1
2024-09-27T00:00:00,3.7,0.8,0.73,21.1
2024-09-28T00:00:00,6.0,4.8,0.84,19.0
2024-09-29T00:00:00,4.5,18.5,0.82,16.7
2024-09-30T00:00:00,4.3,0.0,0.68,18.2
2024-10-01T00:00:00,5.1,0.0,0.71,18.1
2024-10-02T00:00:00,4.1,0.0,0.66,17.1
2024-10-03T00:00:00,1.8,0.0,0.64,18.6
2024-10-04T00:00:00,2.7,0.0,0.68,19.0
2024-10-05T00:00:00,3.7,0.0,0.54,20.2
2024-10-06T00:00:00,3.5,0.0,0.59,17.9
2024-10-07T00:00:00,5.4,0.3,0.56,19.9
2024-10-08T00:00:00,4.1,0.0,0.45,16.7
2024-10-09T00:00:00,4.9,0.0,0.42,17.3
2024-10-10T00:00:00,6.4,0.0,0.5,14.0
2024-10-11T00:00:00,4.4,0.0,0.43,14.2
2024-10-12T00:00:00,5.0,0.0,0.35,19.4
2024-10-13T00:00:00,4.7,0.0,0.61,17.1
2024-10-14T00:00:00,6.7,0.0,0.61,15.2
2024-10-15T00:00:00,6.2,0.0,0.5,10.8
2024-10-16T00:00:00,5.7,0.0,0.49,11.1
2024-10-17T00:00:00,4.1,0.0,0.46,10.9
2024-10-18T00:00:00,4.2,0.0,0.39,14.2
2024-10-19T00:00:00,1.7,0.0,0.44,16.2
2024-10-20T00:00:00,2.1,0.0,0.46,16.9
2024-10-21T00:00:00,1.6,0.0,0.37,19.3
2024-10-22T00:00:00,2.2,0.0,0.51,21.8
2024-10-23T00:00:00,3.9,0.0,0.62,19.3
2024-10-24T00:00:00,5.5,0.0,0.48,18.6
2024-10-25T00:00:00,3.9,0.0,0.47,13.3
2024-10-26T00:00:00,5.9,0.0,0.39,15.9
2024-10-27T00:00:00,3.9,0.0,0.4,12.1
2024-10-28T00:00:00,2.6,0.0,0.46,12.3
2024-10-29T00:00:00,4.3,0.0,0.7,14.0
2024-10-30T00:00:00,3.0,0.0,0.6,18.3
2024-10-31T00:00:00,3.6,0.0,0.55,21.4
2024-11-01T00:00:00,5.9,0.0,0.45,22.9
2024-11-02T00:00:00,5.2,0.0,0.44,14.8
2024-11-03T00:00:00,3.2,0.0,0.41,9.2
2024-11-04T00:00:00,3.4,0.0,0.59,10.8
2024-11-05T00:00:00,3.9,0.0,0.7,15.8
2024-11-06T00:00:00,5.1,0.0,0.55,21.3
2024-11-07T00:00:00,4.8,0.0,0.5,21.9
2024-11-08T00:00:00,6.0,0.0,0.4,15.6
2024-11-09T00:00:00,5.0,0.0,0.34,11.4
2024-11-10T00:00:00,3.0,1.8,0.48,11.0
2024-11-11T00:00:00,6.6,2.3,0.58,16.4
2024-11-12T00:00:00,8.3,0.0,0.45,12.8
2024-11-13T00:00:00,4.5,0.0,0.39,6.4
2024-11-14T00:00:00,3.8,0.0,0.49,6.4
2024-11-15T00:00:00,4.9,0.0,0.38,9.2
2024-11-16T00:00:00,7.2,0.0,0.37,12.1
2024-11-17T00:00:00,3.2,0.0,0.37,12.4
2024-11-18T00:00:00,5.2,0.0,0.42,14.4
2024-11-19T00:00:00,2.9,0.0,0.45,12.6
2024-11-20T00:00:00,3.6,0.0,0.59,12.7
2024-11-21T00:00:00,5.8,32.5,0.82,10.2
2024-11-22T00:00:00,5.9,13.2,,4.7
2024-11-23T00:00:00,8.1,0.0,,6.3
2024-11-24T00:00:00,7.7,0.0,,9.9
2024-11-25T00:00:00,3.5,0.0,0.44,9.1
2024-11-26T00:00:00,4.4,6.4,0.63,12.6
2024-11-27T00:00:00,3.8,0.0,,9.5
2024-11-28T00:00:00,5.2,20.1,0.71,8.8
2024-11-29T00:00:00,5.7,0.0,0.52,6.4
2024-11-30T00:00:00,6.3,0.0,0.52,2.4
2024-12-01T00:00:00,6.0,0.0,0.38,0.7
2024-12-02T00:00:00,5.6,0.0,0.48,1.8
2024-12-03T00:00:00,5.5,0.0,,2.5
2024-12-04T00:00:00,5.4,0.5,0.48,2.3
2024-12-05T00:00:00,8.4,2.8,0.58,3.8
2024-12-06T00:00:00,8.2,0.0,0.41,1.0
2024-12-07T00:00:00,6.0,0.0,0.42,2.0
2024-12-08T00:00:00,4.8,0.0,0.39,6.9
2024-12-09T00:00:00,3.0,4.1,0.76,8.1
2024-12-10T00:00:00,4.5,7.6,0.85,8.1
2024-12-11T00:00:00,6.1,27.7,0.85,12.4
2024-12-12T00:00:00,8.1,0.0,0.39,5.1
2024-12-13T00:00:00,5.1,0.0,0.36,-0.4
2024-12-14T00:00:00,3.1,0.0,0.44,-0.9
2024-12-15T00:00:00,3.7,1.3,0.59,0.8
2024-12-16T00:00:00,4.3,27.7,0.85,5.9
2024-12-17T00:00:00,5.3,1.0,0.63,12.2
2024-12-18T00:00:00,3.1,8.6,0.59,9.8
2024-12-19T00:00:00,5.8,1.0,0.54,6.4
2024-12-20T00:00:00,5.8,1.0,0.7,2.7
2024-12-21T00:00:00,8.2,3.0,0.62,-0.1
2024-12-22T00:00:00,6.7,0.0,0.49,-6.3
2024-12-23T00:00:00,3.0,0.0,0.5,-7.6
2024-12-24T00:00:00,4.3,1.5,0.6,0.4
2024-12-25T00:00:00,3.6,0.0,0.58,1.6
2024-12-26T00:00:00,2.4,0.0,0.53,-0.8
2024-12-27T00:00:00,2.0,0.0,0.59,0.9
2024-12-28T00:00:00,1.4,14.2,0.85,5.8
2024-12-29T00:00:00,4.5,5.6,0.81,10.0
2024-12-30T00:00:00,6.8,10.7,0.59,12.9
2024-12-31T00:00:00,4.5,10.4,0.49,9.8
